us,Red,IR,Ratio,ambient,Vel,Accel,Notes
27147594,113,146,0.774,886,0.0859,0.0095,but you dont know me like thar
27202590,103,133,0.7744,895,0.0001,-0.0095
27257594,95,132,0.7197,898,-0.0061,-0.0007
27311592,111,144,0.7708,887,0.0057,0.0013
27367594,110,140,0.7857,888,0.0017,-0.0004
27422594,95,128,0.7422,901,-0.0044,-0.0006
27477595,106,142,0.7465,891,0.0004,0.0005
27531595,111,146,0.7603,888,0.0015,0.0001
27586683,101,132,0.7652,898,0.0005,-0.0001
27640599,99,134,0.7388,898,-0.0029,-0.0004
27697591,114,151,0.755,885,0.0017,0.0005
27751593,104,140,0.7429,895,-0.0013,-0.0003
27805593,97,136,0.7132,899,-0.0033,-0.0002
27859593,106,142,0.7465,894,0.0037,0.0008
27913593,114,153,0.7451,886,-0.0002,-0.0004
27969593,104,141,0.7376,896,-0.0008,-0.0001
28024593,101,142,0.7113,897,-0.0029,-0.0002
28078593,113,151,0.7483,888,0.0041,0.0008
28133593,109,146,0.7466,891,-0.0002,-0.0005
28187593,100,136,0.7353,898,-0.0013,-0.0001
28242592,104,143,0.7273,894,-0.0009,0
28299713,112,149,0.7517,888,0.0026,0.0004
28353599,99,136,0.7279,899,-0.0026,-0.0006
28408535,100,140,0.7143,897,-0.0014,0.0001
28462590,108,150,0.72,889,0.0006,0.0002
28516590,106,145,0.731,891,0.0012,0.0001
28572560,94,132,0.7121,903,-0.0021,-0.0004
28626593,104,146,0.7123,893,0,0.0002
28680597,112,152,0.7368,888,0.0027,0.0003
28734593,105,145,0.7241,894,-0.0014,-0.0005
28788593,96,137,0.7007,901,-0.0026,-0.0001
28842593,106,147,0.7211,893,0.0023,0.0005
28899705,117,157,0.7452,883,0.0026,0
28953572,98,140,0.7,899,-0.005,-0.0009
29007554,99,141,0.7021,898,0.0002,0.0006
29061572,109,152,0.7171,890,0.0017,0.0002
29116599,108,147,0.7347,892,0.0019,0
29173607,91,129,0.7054,906,-0.0029,-0.0005
29227593,106,149,0.7114,891,0.0007,0.0004
29281593,109,149,0.7315,890,0.0022,0.0002
29336593,93,137,0.6788,899,-0.0059,-0.0009
29390593,98,139,0.705,898,0.0029,0.001
29444593,106,147,0.7211,891,0.0018,-0.0001
29500593,110,150,0.7333,888,0.0014,0
29554593,96,136,0.7059,900,-0.003,-0.0005
29609591,101,142,0.7113,895,0.0006,0.0004
29663593,111,150,0.74,888,0.0032,0.0003
29717934,103,142,0.7254,895,-0.0016,-0.0005
29773393,93,134,0.694,903,-0.0029,-0.0001
29827690,107,147,0.7279,890,0.0037,0.0007
29881599,109,150,0.7267,890,-0.0001,-0.0004
29935599,100,138,0.7246,898,-0.0002,0
29989599,95,136,0.6985,901,-0.0029,-0.0003
30043593,106,145,0.731,891,0.0036,0.0007
30099593,111,151,0.7351,888,0.0005,-0.0004
30153593,94,135,0.6963,900,-0.0043,-0.0005
30207589,96,136,0.7059,899,0.0011,0.0006
30262589,109,150,0.7267,887,0.0023,0.0001
30316589,105,143,0.7343,892,0.0008,-0.0002
30370589,94,133,0.7068,902,-0.0031,-0.0004
30426589,101,141,0.7163,895,0.0011,0.0005
30481226,112,151,0.7417,886,0.0026,0.0002
30536590,95,135,0.7037,900,-0.0042,-0.0008
30591311,97,138,0.7029,898,-0.0001,0.0004
30645593,108,147,0.7347,889,0.0035,0.0004
30701595,104,143,0.7273,893,-0.0008,-0.0005
30755590,96,134,0.7164,900,-0.0012,0
30809589,103,144,0.7153,894,-0.0001,0.0001
30864588,112,151,0.7417,886,0.0029,0.0003
30918589,102,143,0.7133,896,-0.0032,-0.0007
30972590,95,137,0.6934,900,-0.0022,0.0001
31028589,109,150,0.7267,889,0.0037,0.0007
31082589,104,147,0.7075,891,-0.0021,-0.0006
31137590,95,135,0.7037,901,-0.0004,0.0002
31191589,100,142,0.7042,895,0.0001,0.0001
31245589,108,149,0.7248,890,0.0023,0.0002
31302590,103,142,0.7254,894,0.0001,-0.0002
31357599,99,142,0.6972,896,-0.0031,-0.0004
31411593,109,151,0.7219,889,0.0027,0.0007
31466589,107,147,0.7279,890,0.0007,-0.0002
31520589,97,138,0.7029,899,-0.0028,-0.0004
31574589,99,140,0.7071,897,0.0005,0.0004
31630589,116,158,0.7342,883,0.003,0.0003
31684593,102,145,0.7034,894,-0.0034,-0.0007
31739590,95,138,0.6884,901,-0.0017,0.0002
31793589,102,147,0.6939,893,0.0006,0.0003
31847589,108,150,0.72,889,0.0029,0.0003
31903391,94,137,0.6861,899,-0.0031,-0.0006
31958413,98,139,0.705,897,0.0019,0.0005
32012590,109,151,0.7219,888,0.0019,0
32068292,104,144,0.7222,893,0,-0.0002
32122593,95,136,0.6985,900,-0.0026,-0.0003
32176704,106,147,0.7211,890,0.0024,0.0005
32232558,115,152,0.7566,886,0.0039,0.0002
32286589,98,137,0.7153,898,-0.0046,-0.0009
32341588,96,140,0.6857,898,-0.0033,0.0001
32395589,110,150,0.7333,888,0.0053,0.001
32449589,106,147,0.7211,891,-0.0014,-0.0007
32505391,93,134,0.694,903,-0.0025,-0.0001
32559589,102,144,0.7083,894,0.0016,0.0005
32614589,108,149,0.7248,888,0.0018,0
32668606,98,137,0.7153,897,-0.0011,-0.0003
32722446,92,134,0.6866,900,-0.0032,-0.0002
32776590,102,143,0.7133,892,0.003,0.0007
32832681,114,150,0.76,886,0.0052,0.0003
32886594,95,133,0.7143,900,-0.0051,-0.0011
32940593,96,137,0.7007,897,-0.0015,0.0004
32994589,107,147,0.7279,889,0.0031,0.0005
33048589,108,148,0.7297,888,0.0002,-0.0003
33102589,98,136,0.7206,897,-0.001,-0.0001
33158589,99,141,0.7021,895,-0.0021,-0.0001
33212590,109,149,0.7315,887,0.0033,0.0006
33267589,104,145,0.7172,892,-0.0016,-0.0005
33321590,96,133,0.7218,900,0.0005,0.0002
33375590,101,143,0.7063,894,-0.0017,-0.0002
33431597,112,156,0.7179,883,0.0013,0.0003
33485589,97,137,0.708,898,-0.0011,-0.0003
33540590,94,137,0.6861,898,-0.0024,-0.0001
33594610,105,146,0.7192,890,0.0037,0.0007
33649593,105,145,0.7241,890,0.0006,-0.0003
33703593,94,135,0.6963,899,-0.0031,-0.0004
33759589,101,143,0.7063,893,0.0011,0.0005
33813589,109,150,0.7267,887,0.0023,0.0001
33868588,98,139,0.705,896,-0.0024,-0.0005
33922589,92,132,0.697,900,-0.0009,0.0002
33976589,104,147,0.7075,891,0.0012,0.0002
34033589,110,148,0.7432,887,0.004,0.0003
34087589,93,135,0.6889,900,-0.006,-0.0011
34142588,99,143,0.6923,895,0.0004,0.0007
34196590,109,152,0.7171,887,0.0028,0.0003
34251059,109,152,0.7171,887,0.0028,0.0003
34304590,94,136,0.6912,899,0.0427,0.0096
34360661,103,145,0.7103,891,0.0021,-0.0045
34415431,107,148,0.723,888,0.0013,-0.0001
34470600,92,132,0.697,901,-0.0026,-0.0004
34524589,95,137,0.6934,897,-0.0004,0.0002
34578589,108,149,0.7248,887,0.0035,0.0004
34635589,103,143,0.7203,893,-0.0005,-0.0004
34689590,93,135,0.6889,899,-0.0035,-0.0003
34744588,105,146,0.7192,889,0.0034,0.0008
34798590,106,148,0.7162,888,-0.0003,-0.0004
34854589,88,131,0.6718,902,-0.0049,-0.0005
34908590,97,140,0.6929,897,0.0024,0.0008
34964610,112,155,0.7226,883,0.0033,0.0001
35018590,97,139,0.6978,897,-0.0027,-0.0007
35073331,94,136,0.6912,900,-0.0007,0.0002
35127592,104,148,0.7027,890,0.0013,0.0002
35181593,106,147,0.7211,888,0.002,0.0001
35237390,92,131,0.7023,901,-0.0018,-0.0004
35291589,97,137,0.708,895,0.0006,0.0003
35346589,109,148,0.7365,886,0.0032,0.0003
35400589,100,140,0.7143,893,-0.0025,-0.0006
35454589,91,133,0.6842,900,-0.0033,-0.0001
35508589,97,139,0.6978,894,0.0015,0.0005
35564589,109,146,0.7466,884,0.0054,0.0004
35619589,94,135,0.6963,897,-0.0056,-0.0012
35673606,92,133,0.6917,899,-0.0005,0.0006
35727396,102,145,0.7034,890,0.0013,0.0002
35781590,103,146,0.7055,889,0.0002,-0.0001
35835610,95,136,0.6985,897,-0.0008,-0.0001
35892593,98,141,0.695,893,-0.0004,0
35947592,108,149,0.7248,886,0.003,0.0003
36001589,94,139,0.6763,895,-0.0054,-0.0009
36055589,92,133,0.6917,899,0.0017,0.0008
36110588,102,144,0.7083,889,0.0018,0
36166589,106,144,0.7361,887,0.0031,0.0001
36221589,89,128,0.6953,900,-0.0045,-0.0008
36275589,97,136,0.7132,893,0.002,0.0007
36329589,104,145,0.7172,887,0.0004,-0.0002
36383589,100,135,0.7407,891,0.0026,0.0002
36438589,87,128,0.6797,901,-0.0068,-0.001
36495590,106,142,0.7465,886,0.0074,0.0016
36550274,101,141,0.7163,891,-0.0033,-0.0012
36604593,89,131,0.6794,899,-0.0041,-0.0001
36658593,95,137,0.6934,895,0.0016,0.0006
36712590,103,146,0.7055,887,0.0014,0
36768590,99,138,0.7174,893,0.0013,0
36823589,89,131,0.6794,901,-0.0042,-0.0006
36877589,102,145,0.7034,890,0.0027,0.0008
36931589,106,149,0.7114,886,0.0009,-0.0002
36985589,96,136,0.7059,896,-0.0006,-0.0002
37039589,93,136,0.6838,896,-0.0025,-0.0002
37096589,107,146,0.7329,885,0.0054,0.0009
37150589,98,138,0.7101,893,-0.0025,-0.0009
37204607,91,132,0.6894,898,-0.0023,0
37258590,96,135,0.7111,894,0.0024,0.0005
37312610,104,142,0.7324,887,0.0024,0
37369611,94,131,0.7176,896,-0.0016,-0.0004
37424592,88,130,0.6769,898,-0.0041,-0.0002
37478589,103,142,0.7254,888,0.0054,0.0011
37532589,99,140,0.7071,890,-0.002,-0.0008
37587588,89,128,0.6953,900,-0.0013,0.0001
37641589,93,132,0.7045,897,0.001,0.0003
37698588,105,144,0.7292,887,0.0027,0.0002
37752589,94,133,0.7068,896,-0.0025,-0.0006
37806589,90,132,0.6818,898,-0.0028,0
37860589,99,142,0.6972,891,0.0017,0.0005
37914589,105,144,0.7292,887,0.0036,0.0002
37970610,91,128,0.7109,899,-0.002,-0.0006
38024590,94,135,0.6963,894,-0.0016,0
38078641,104,143,0.7273,887,0.0034,0.0006
38132593,101,139,0.7266,889,-0.0001,-0.0004
38186590,90,128,0.7031,898,-0.0026,-0.0003
38240589,90,131,0.687,897,-0.0018,0.0001
38296589,106,145,0.731,886,0.0049,0.0007
38351589,95,135,0.7037,894,-0.003,-0.0009
38405589,87,127,0.685,900,-0.0021,0.0001
38459589,92,137,0.6715,893,-0.0015,0.0001
38513589,104,145,0.7172,888,0.0051,0.0007
38567589,97,137,0.708,894,-0.001,-0.0007
38624588,90,132,0.6818,898,-0.0029,-0.0002
38678593,103,145,0.7103,888,0.0032,0.0007
38733262,105,148,0.7095,887,-0.0001,-0.0003
38787590,91,132,0.6894,899,-0.0022,-0.0002
38842699,95,133,0.7143,895,0.0027,0.0005
38898593,107,147,0.7279,884,0.0015,-0.0001
38953589,90,126,0.7143,899,-0.0015,-0.0003
39007589,91,131,0.6947,897,-0.0022,-0.0001
39061589,102,143,0.7133,888,0.0021,0.0005
39115589,101,140,0.7214,890,0.0009,-0.0001
39169602,90,131,0.687,898,-0.0038,-0.0005
39226588,97,139,0.6978,892,0.0012,0.0006
39280589,102,143,0.7133,889,0.0017,0.0001
39334589,97,138,0.7029,893,-0.0012,-0.0003
39388589,91,131,0.6947,898,-0.0009,0
39443589,99,143,0.6923,891,-0.0003,0.0001
39499590,105,147,0.7143,886,0.0024,0.0003
39553610,91,132,0.6894,899,-0.0028,-0.0006
39608593,97,140,0.6929,894,0.0004,0.0004
39662593,105,149,0.7047,888,0.0013,0.0001
39717588,101,143,0.7063,891,0.0002,-0.0001
39771589,91,130,0.7,899,-0.0007,-0.0001
39828588,103,146,0.7055,888,0.0006,0.0001
39882590,98,142,0.6901,890,-0.0017,-0.0003
39936589,92,132,0.697,898,0.0008,0.0003
39990589,88,133,0.6617,898,-0.0039,-0.0005
40044589,102,145,0.7034,889,0.0046,0.001
40100589,101,143,0.7063,891,0.0003,-0.0005
40154589,91,134,0.6791,899,-0.003,-0.0004
40208589,98,141,0.695,893,0.0018,0.0005
40262590,106,149,0.7114,887,0.0018,0
40316610,102,144,0.7083,891,-0.0003,-0.0002
40370962,92,136,0.6765,899,-0.0034,-0.0003
40426593,98,143,0.6853,893,0.001,0.0005
40481592,107,156,0.6859,886,0.0001,-0.0001
40535589,97,140,0.6929,895,0.0008,0.0001
40589589,93,135,0.6889,898,-0.0004,-0.0001
40643589,102,145,0.7034,890,0.0016,0.0002
40699390,105,149,0.7047,885,0.0001,-0.0001
40754588,90,132,0.6818,899,-0.0025,-0.0003
40808589,92,137,0.6715,895,-0.0011,0.0002
40862589,103,146,0.7055,888,0.0038,0.0005
40916589,97,143,0.6783,890,-0.003,-0.0008
40970589,91,133,0.6842,898,0.0007,0.0004
41026589,94,139,0.6763,894,-0.0009,-0.0002
41080554,104,146,0.7123,887,0.004,0.0005
41134751,96,137,0.7007,894,-0.0013,-0.0006
41188590,91,135,0.6741,898,-0.003,-0.0002
41242594,95,138,0.6884,894,0.0016,0.0005
41296589,104,146,0.7123,887,0.0027,0.0001
41352589,94,136,0.6912,896,-0.0024,-0.0006
41407589,88,133,0.6617,899,-0.0033,-0.0001
41461589,103,147,0.7007,888,0.0043,0.0008
41517551,100,144,0.6944,888,-0.0007,-0.0006
41571589,89,129,0.6899,900,-0.0005,0
41627589,97,139,0.6978,892,0.0009,0.0002
41681593,103,143,0.7203,887,0.0025,0.0002
41735589,89,132,0.6742,896,-0.0051,-0.0008
41789554,90,129,0.6977,899,0.0026,0.0009
41843574,99,140,0.7071,890,0.0011,-0.0002
41898612,105,147,0.7143,885,0.0007,0
41954593,88,128,0.6875,900,-0.003,-0.0004
42008591,93,136,0.6838,896,-0.0004,0.0003
42062589,102,143,0.7133,888,0.0033,0.0004
42116589,99,139,0.7122,891,-0.0001,-0.0004
42171602,88,128,0.6875,901,-0.0027,-0.0003
42227590,98,140,0.7,891,0.0014,0.0004
42282590,106,143,0.7413,888,0.0046,0.0004
42336590,90,133,0.6767,898,-0.0072,-0.0013
42390590,90,133,0.6767,898,0,0.0008
42444588,103,145,0.7103,889,0.0037,0.0004
42498589,104,144,0.7222,887,0.0013,-0.0003
42554610,85,126,0.6746,901,-0.0053,-0.0007
42608590,93,134,0.694,894,0.0022,0.0008
42662595,103,142,0.7254,887,0.0034,0.0001
42716593,99,139,0.7122,891,-0.0015,-0.0005
42770593,90,129,0.6977,898,-0.0016,0
42827391,95,137,0.6934,892,-0.0004,0.0001
42881589,102,141,0.7234,888,0.0033,0.0004
42935589,94,132,0.7121,894,-0.0013,-0.0005
42989590,90,130,0.6923,898,-0.0022,-0.0001
43043590,97,138,0.7029,891,0.0012,0.0004
43097589,103,144,0.7153,887,0.0014,0
43153554,92,132,0.697,897,-0.002,-0.0004
43208588,90,134,0.6716,897,-0.0028,-0.0001
43262589,100,146,0.6849,887,0.0015,0.0005
43316589,100,142,0.7042,890,0.0021,0.0001
43370589,89,132,0.6742,898,-0.0033,-0.0006
43426309,93,136,0.6838,894,0.001,0.0004
43482595,102,141,0.7234,888,0.0044,0.0004
43537589,90,128,0.7031,898,-0.0023,-0.0008
43591589,91,132,0.6894,896,-0.0015,0.0001
43645815,104,143,0.7273,886,0.0041,0.0006
43699589,98,137,0.7153,890,-0.0013,-0.0006
43755589,86,123,0.6992,901,-0.0018,-0.0001
43810589,96,138,0.6957,891,-0.0004,0.0002
43864592,102,140,0.7286,887,0.0037,0.0004
43918589,95,134,0.709,893,-0.0022,-0.0006
43972589,89,128,0.6953,899,-0.0015,0.0001
44026589,96,138,0.6957,892,0,0.0002
44082610,105,147,0.7143,884,0.0021,0.0002
44136590,91,131,0.6947,897,-0.0022,-0.0005
44190690,89,131,0.6794,897,-0.0017,0.0001
44244600,100,142,0.7042,889,0.0028,0.0005
44298606,102,145,0.7034,887,-0.0001,-0.0003
44354392,89,129,0.6899,900,-0.0013,-0.0001
44408589,91,132,0.6894,896,-0.0001,0.0001
44463588,105,145,0.7241,884,0.0039,0.0004
44517589,95,135,0.7037,892,-0.0023,-0.0007
44571589,87,125,0.696,899,-0.0009,0.0002
44625589,94,133,0.7068,893,0.0012,0.0002
44681593,104,142,0.7324,884,0.0029,0.0002
44736589,89,128,0.6953,897,-0.0041,-0.0008
44790589,90,125,0.72,897,0.0027,0.0008
44844589,98,139,0.705,889,-0.0017,-0.0005
44898590,99,141,0.7021,887,-0.0003,0.0001
44952610,91,130,0.7,896,-0.0002,0
45009605,92,134,0.6866,893,-0.0015,-0.0001
45064592,104,145,0.7172,884,0.0031,0.0005
45118589,94,134,0.7015,894,-0.0018,-0.0005
45172602,87,128,0.6797,899,-0.0024,-0.0001
45227589,99,141,0.7021,888,0.0025,0.0005
45283590,104,143,0.7273,885,0.0028,0
45338589,85,124,0.6855,900,-0.0046,-0.0008
45392589,93,132,0.7045,893,0.0021,0.0008
45446589,101,140,0.7214,886,0.0019,0
45500589,96,132,0.7273,891,0.0006,-0.0001
45554589,87,126,0.6905,897,-0.0041,-0.0005
45610610,95,132,0.7197,893,0.0032,0.0008
45664590,99,137,0.7226,888,0.0003,-0.0003
45718598,91,120,0.7583,893,0.0042,0.0005
45772593,85,124,0.6855,899,-0.0081,-0.0014
45826593,91,134,0.6791,892,-0.0007,0.0008
45882391,103,142,0.7254,884,0.0043,0.0005
45936589,90,128,0.7031,896,-0.0025,-0.0008
45990588,85,127,0.6693,898,-0.0038,-0.0001
46044589,99,140,0.7071,887,0.0042,0.0009
46098589,100,140,0.7143,887,0.0008,-0.0004
46153588,89,129,0.6899,896,-0.0027,-0.0004
46209589,86,126,0.6825,897,-0.0008,0.0002
46264588,102,140,0.7286,885,0.0051,0.0007
46318589,92,130,0.7077,893,-0.0023,-0.0008
46373108,92,130,0.7077,893,-0.0023,-0.0008
46426593,91,123,0.7398,892,0.0353,0.0073
46480610,96,129,0.7442,886,0.0005,-0.0039
46537592,79,114,0.693,899,-0.0057,-0.0007
46592609,83,117,0.7094,896,0.0016,0.0007
46646593,92,126,0.7302,888,0.0023,0.0001
46700590,90,123,0.7317,891,0.0002,-0.0002
46755588,74,111,0.6667,902,-0.0072,-0.0008
46811589,90,126,0.7143,891,0.0053,0.0014
46866588,98,130,0.7538,887,0.0044,-0.0001
46920589,84,118,0.7119,897,-0.0047,-0.001
46974589,84,121,0.6942,896,-0.002,0.0003
47029589,96,130,0.7385,887,0.0049,0.0008
47083589,93,125,0.744,889,0.0006,-0.0005
47139590,80,113,0.708,899,-0.004,-0.0005
47193606,90,124,0.7258,891,0.002,0.0007
47248610,97,128,0.7578,887,0.0035,0.0002
47302593,86,120,0.7167,894,-0.0046,-0.0009
47357589,79,114,0.693,899,-0.0026,0.0002
47413590,96,132,0.7273,885,0.0038,0.0007
47468589,89,123,0.7236,892,-0.0004,-0.0005
47522589,82,116,0.7069,898,-0.0019,-0.0002
47576589,90,125,0.72,891,0.0015,0.0004
47630589,96,131,0.7328,887,0.0014,0
47684593,96,131,0.7328,886,0,-0.0002
47741588,85,122,0.6967,896,-0.004,-0.0004
47796589,97,133,0.7293,886,0.0036,0.0008
47850590,92,126,0.7302,890,0.0001,-0.0004
47904610,82,116,0.7069,898,-0.0026,-0.0003
47959331,85,118,0.7203,895,0.0014,0.0004
48015611,98,133,0.7368,884,0.0018,0
48071594,81,113,0.7168,898,-0.0021,-0.0004
48125595,85,121,0.7025,894,-0.0016,0.0001
48180592,99,133,0.7444,885,0.0047,0.0007
48234589,90,123,0.7317,892,-0.0014,-0.0007
48288589,79,115,0.687,899,-0.005,-0.0004
48344589,92,128,0.7187,889,0.0035,0.0009
48398589,96,129,0.7442,887,0.0028,-0.0001
48453589,85,119,0.7143,895,-0.0033,-0.0007
48508590,85,121,0.7025,895,-0.0013,0.0002
48563500,99,136,0.7279,884,0.0026,0.0004
48619590,90,124,0.7258,893,-0.0002,-0.0003
48673744,84,123,0.6829,897,-0.0047,-0.0005
48727593,93,130,0.7154,890,0.0036,0.0009
48781593,97,131,0.7405,887,0.0028,-0.0001
48835589,88,123,0.7154,894,-0.0028,-0.0006
48889590,80,117,0.6838,899,-0.0035,-0.0001
48946588,97,133,0.7293,886,0.0051,0.001
49000589,92,129,0.7132,889,-0.0018,-0.0008
49054589,85,120,0.7083,897,-0.0005,0.0001
49108589,81,123,0.6585,895,-0.0055,-0.0006
49162589,97,133,0.7293,887,0.0079,0.0015
49218392,94,131,0.7176,890,-0.0011,-0.0008
49272589,85,122,0.6967,897,-0.0023,-0.0001
49326589,90,127,0.7087,893,0.0013,0.0004
49381621,98,137,0.7153,887,0.0007,-0.0001
49435610,90,127,0.7087,894,-0.0007,-0.0002
49490593,83,118,0.7034,899,-0.0006,0
49548592,102,142,0.7183,883,0.0016,0.0002
49602589,89,121,0.7355,895,0.0019,0
49656589,83,118,0.7034,899,-0.0036,-0.0006
49710589,90,127,0.7087,892,0.0006,0.0005
49764589,99,135,0.7333,886,0.0027,0.0002
49820391,88,123,0.7154,896,-0.0017,-0.0004
49874589,84,122,0.6885,897,-0.003,-0.0001
49928589,94,132,0.7121,890,0.0026,0.0006
49983589,95,131,0.7252,889,0.0015,-0.0001
50037589,87,124,0.7016,896,-0.0026,-0.0005
50091894,86,124,0.6935,896,-0.0009,0.0002
50147590,103,139,0.741,884,0.0053,0.0007
50201765,91,127,0.7165,893,-0.0028,-0.0009
50255593,85,123,0.6911,898,-0.0028,0
50309593,90,127,0.7087,893,0.002,0.0005
50363588,99,136,0.7279,886,0.0022,0
50417588,93,126,0.7381,891,0.0011,-0.0001
50474588,81,120,0.675,899,-0.007,-0.0009
50528588,93,131,0.7099,889,0.0039,0.0012
50582588,98,133,0.7368,887,0.003,-0.0001
50636588,83,122,0.6803,896,-0.0063,-0.001
50690588,85,123,0.6911,897,0.0012,0.0008
50746588,98,139,0.705,884,0.0016,0
50800588,95,132,0.7197,889,0.0016,0
50854588,86,125,0.688,896,-0.0035,-0.0006
50909589,92,130,0.7077,892,0.0022,0.0006
50963609,99,138,0.7174,886,0.0011,-0.0001
51018592,94,134,0.7015,891,-0.0018,-0.0003
51075590,85,126,0.6746,897,-0.0027,-0.0001
51129588,100,135,0.7407,886,0.0074,0.0011
51183590,97,133,0.7293,889,-0.0013,-0.001
51238588,84,120,0.7,899,-0.0033,-0.0002
51292700,90,128,0.7031,893,0.0003,0.0004
51348588,101,140,0.7214,883,0.002,0.0002
51402588,91,129,0.7054,894,-0.0018,-0.0004
51456588,88,125,0.704,898,-0.0002,0.0002
51511588,96,136,0.7059,890,0.0002,0
51565588,95,140,0.6786,887,-0.003,-0.0004
51620159,91,132,0.6894,895,0.0011,0.0004
51676601,93,135,0.6889,893,-0.0001,-0.0001
51731591,102,144,0.7083,886,0.0022,0.0002
51785592,95,136,0.6985,892,-0.0011,-0.0004
51840588,87,127,0.685,899,-0.0015,0
51894588,97,141,0.6879,890,0.0003,0.0002
51950588,103,147,0.7007,886,0.0014,0.0001
52004588,91,132,0.6894,897,-0.0013,-0.0003
52058588,90,131,0.687,896,-0.0003,0.0001
52113587,105,146,0.7192,884,0.0036,0.0004
52167588,97,140,0.6929,889,-0.0029,-0.0007
52221588,89,130,0.6846,898,-0.0009,0.0002
52277588,96,140,0.6857,891,0.0001,0.0001
52331588,106,148,0.7162,884,0.0034,0.0004
52386589,92,134,0.6866,896,-0.0033,-0.0007
52441900,89,132,0.6742,898,-0.0013,0.0002
52495591,102,148,0.6892,887,0.0017,0.0003
52552591,101,144,0.7014,889,0.0012,0
52606588,88,132,0.6667,899,-0.0039,-0.0006
52660588,97,141,0.6879,891,0.0024,0.0007
52715587,106,151,0.702,884,0.0016,-0.0001
52769588,94,139,0.6763,893,-0.0029,-0.0005
52823588,88,131,0.6718,898,-0.0005,0.0003
52879588,102,140,0.7286,886,0.0063,0.0008
52933588,100,142,0.7042,887,-0.0027,-0.001
52988588,85,129,0.6589,898,-0.005,-0.0003
53042588,91,134,0.6791,894,0.0022,0.0008
53096328,98,142,0.6901,888,0.0013,-0.0001
53152588,95,138,0.6884,891,-0.0002,-0.0002
53207594,86,127,0.6772,899,-0.0012,-0.0001
53261592,97,141,0.6879,889,0.0012,0.0003
53317591,104,147,0.7075,884,0.0021,0.0001
53371588,89,132,0.6742,896,-0.0037,-0.0006
53425588,89,133,0.6692,896,-0.0006,0.0003
53481588,103,145,0.7103,885,0.0046,0.0006
53535588,93,136,0.6838,893,-0.0029,-0.0008
53590588,83,125,0.664,900,-0.0022,0.0001
53644588,95,138,0.6884,890,0.0027,0.0005
53698588,102,141,0.7234,884,0.0039,0.0001
53754588,88,126,0.6984,897,-0.0027,-0.0007
53809253,87,131,0.6641,895,-0.0035,-0.0001
53863588,101,142,0.7113,886,0.0052,0.001
53917609,96,137,0.7007,889,-0.0012,-0.0007
53972591,87,128,0.6797,897,-0.0023,-0.0001
54026591,93,136,0.6838,891,0.0005,0.0003
54082588,102,143,0.7133,885,0.0033,0.0003
54136588,89,133,0.6692,894,-0.0049,-0.0009
54192589,86,131,0.6565,896,-0.0014,0.0004
54246588,101,144,0.7014,885,0.005,0.0007
54300588,98,138,0.7101,888,0.001,-0.0004
54356588,85,123,0.6911,899,-0.0021,-0.0003
54410588,94,136,0.6912,890,0,0.0002
54465588,102,143,0.7133,884,0.0025,0.0003
54519588,93,133,0.6992,892,-0.0016,-0.0004
54573609,85,126,0.6746,897,-0.0027,-0.0001
54627588,92,134,0.6866,890,0.0013,0.0005
54683688,100,141,0.7092,884,0.0025,0.0001
54737594,87,130,0.6692,894,-0.0045,-0.0008
54791592,86,128,0.6719,895,0.0003,0.0005
54845588,96,138,0.6957,887,0.0027,0.0003
54899588,98,137,0.7153,886,0.0022,-0.0001
54957388,82,121,0.6777,900,-0.0035,-0.0005
55011588,96,140,0.6857,886,0.0009,0.0005
55066587,99,141,0.7021,885,0.0018,0.0001
55120588,88,129,0.6822,895,-0.0022,-0.0004
55174600,85,129,0.6589,896,-0.0026,0
55229587,96,138,0.6957,887,0.0041,0.0007
55285722,98,138,0.7101,888,0.0016,-0.0003
55339589,83,126,0.6587,897,-0.0057,-0.0008
55393609,89,131,0.6794,892,0.0023,0.0009
55447621,96,139,0.6906,885,0.0012,-0.0001
55501592,92,133,0.6917,890,0.0001,-0.0001
55555592,80,122,0.6557,899,-0.004,-0.0005
55611588,92,135,0.6815,889,0.0029,0.0008
55665588,98,139,0.705,885,0.0026,0
55720588,85,125,0.68,896,-0.0028,-0.0006
55774588,81,125,0.648,897,-0.0036,-0.0001
55828588,92,135,0.6815,889,0.0037,0.0008
55884588,97,138,0.7029,885,0.0024,-0.0001
55938588,84,124,0.6774,897,-0.0028,-0.0006
55993588,89,132,0.6742,892,-0.0004,0.0003
56047588,98,139,0.705,886,0.0034,0.0004
56101933,92,134,0.6866,892,-0.002,-0.0006
56155588,85,127,0.6693,897,-0.0019,0
56211671,91,135,0.6741,891,0.0005,0.0003
56265592,97,141,0.6879,885,0.0015,0.0001
56319592,89,131,0.6794,893,-0.001,-0.0003
56374588,80,122,0.6557,899,-0.0027,-0.0002
56428588,93,136,0.6838,889,0.0031,0.0006
56485388,94,140,0.6714,887,-0.0011,-0.0004
56539588,82,125,0.656,898,-0.0017,-0.0001
56595587,92,136,0.6765,889,0.0023,0.0004
56649588,98,140,0.7,885,0.0026,0
56703588,88,130,0.6769,894,-0.0026,-0.0006
56757588,85,126,0.6746,896,-0.0003,0.0003
56813588,100,143,0.6993,884,0.0027,0.0003
56867588,96,137,0.7007,888,0.0002,-0.0003
56924509,84,131,0.6412,898,-0.005,-0.0004
56978592,94,140,0.6714,887,0.0034,0.0009
57032789,99,145,0.6828,885,0.0012,-0.0002
57088390,82,128,0.6406,897,-0.0039,-0.0005
57142588,86,129,0.6667,895,0.0029,0.0008
57197588,99,142,0.6972,884,0.0034,0.0001
57251588,91,133,0.6842,891,-0.0014,-0.0005
57305588,84,127,0.6614,896,-0.0025,-0.0001
57360589,89,131,0.6794,893,0.002,0.0005
57416588,104,143,0.7273,883,0.0053,0.0004
57471587,85,129,0.6589,895,-0.0076,-0.0014
57526588,89,133,0.6692,892,0.0011,0.001
57580589,97,137,0.708,886,0.0044,0.0004
57634588,93,136,0.6838,889,-0.0027,-0.0008
57691482,80,119,0.6723,901,-0.0011,0.0001
57745591,94,138,0.6812,889,0.001,0.0002
57800592,97,142,0.6831,886,0.0002,-0.0001
57854588,87,131,0.6641,895,-0.0021,-0.0003
57908588,83,130,0.6385,896,-0.0029,-0.0001
57962588,96,141,0.6809,886,0.0047,0.0008
58018588,93,137,0.6788,887,-0.0002,-0.0005
58073588,80,124,0.6452,899,-0.0037,-0.0004
58127588,92,134,0.6866,890,0.0046,0.0009
58181593,98,141,0.695,885,0.0009,-0.0004
58235588,91,134,0.6791,891,-0.0018,-0.0003
58289588,83,128,0.6484,898,-0.0034,-0.0002
58345573,92,137,0.6715,890,0.0026,0.0007
58399553,97,140,0.6929,886,0.0024,0
58453694,88,131,0.6718,894,-0.0024,-0.0005
58508592,84,127,0.6614,897,-0.0011,0.0001
58563554,96,143,0.6713,886,0.001,0.0002
58619588,92,138,0.6667,890,-0.0005,-0.0002
58675601,80,127,0.6299,900,-0.0041,-0.0004
58729589,95,144,0.6597,886,0.0034,0.0008
58783589,97,143,0.6783,887,0.0021,-0.0001
58837589,86,132,0.6515,896,-0.003,-0.0006
58891589,86,131,0.6565,895,0.0006,0.0004
58949587,103,147,0.7007,880,0.0049,0.0005
59003588,88,133,0.6617,893,-0.0043,-0.001
59057589,85,130,0.6538,896,-0.0009,0.0004
59111609,94,137,0.6861,889,0.0036,0.0005
59166663,100,145,0.6897,883,0.0003,-0.0003
59222591,85,127,0.6693,897,-0.0022,-0.0003
59277591,88,134,0.6567,893,-0.0014,0.0001
59331588,101,140,0.7214,885,0.0072,0.001
59385588,92,137,0.6715,891,-0.0055,-0.0014
59439588,84,130,0.6462,897,-0.0028,0.0003
59493588,89,136,0.6544,893,0.0009,0.0004
59550587,103,148,0.6959,882,0.0046,0.0004
59605588,84,132,0.6364,897,-0.0066,-0.0012
59661586,91,138,0.6594,892,0.0026,0.001
59715588,101,146,0.6918,884,0.0036,0.0001
59769573,91,136,0.6691,892,-0.0025,-0.0007
59825553,84,126,0.6667,897,-0.0003,0.0002
59880594,99,145,0.6828,885,0.0018,0.0002
59934594,95,137,0.6934,889,0.0012,-0.0001
59990590,82,124,0.6613,900,-0.0034,-0.0005
60044588,91,137,0.6642,891,0.0003,0.0004
60098587,99,145,0.6828,885,0.0021,0.0002
60154588,87,133,0.6541,895,-0.0032,-0.0006
60208588,87,134,0.6493,895,-0.0005,0.0003
60263588,102,146,0.6986,885,0.0055,0.0007
60317588,97,144,0.6736,887,-0.0028,-0.0009
60371588,84,133,0.6316,897,-0.0047,-0.0002
60428588,89,137,0.6496,894,0.002,0.0007
60482896,102,147,0.6939,884,0.0048,0.0003
60536553,92,137,0.6715,891,-0.0025,-0.0008
60592343,83,128,0.6484,898,-0.0021,0
60646591,96,141,0.6809,886,0.0036,0.0006
60700592,97,142,0.6831,886,0.0002,-0.0004
60756588,83,130,0.6385,898,-0.005,-0.0006
60810588,90,136,0.6618,891,0.0026,0.0008
60865587,101,145,0.6966,883,0.0039,0.0001
60919588,91,136,0.6691,891,-0.003,-0.0008
60973587,83,129,0.6434,897,-0.0029,0
61029389,94,140,0.6714,888,0.0026,0.0005
61083588,97,144,0.6736,885,0.0002,-0.0003
61138588,87,133,0.6541,895,-0.0022,-0.0003
61192588,81,132,0.6136,897,-0.0045,-0.0003
61246486,97,143,0.6783,887,0.0073,0.0013
61300553,97,141,0.6879,887,0.0011,-0.0007
61356704,80,126,0.6349,899,-0.0059,-0.0008
61410592,90,135,0.6667,892,0.0035,0.001
61464591,98,143,0.6853,885,0.0021,-0.0002
61519588,92,135,0.6815,891,-0.0004,-0.0003
61573588,84,124,0.6774,897,-0.0005,0
61630352,94,139,0.6763,887,-0.0001,0
61684591,96,138,0.6957,887,0.0022,0.0003
61740586,78,125,0.624,900,-0.008,-0.0011
61794677,89,137,0.6496,890,0.0028,0.0012
61850550,101,144,0.7014,883,0.0057,0.0003
61904588,85,131,0.6489,895,-0.0058,-0.0013
61960573,81,131,0.6183,897,-0.0034,0.0003
62014553,99,144,0.6875,885,0.0077,0.0012
62068894,94,139,0.6763,888,-0.0013,-0.001
62122592,87,131,0.6641,894,-0.0013,0
62176595,86,131,0.6565,893,-0.0008,0.0001
62233389,100,145,0.6897,881,0.0031,0.0004
62287588,86,128,0.6719,893,-0.002,-0.0006
62342586,81,126,0.6429,897,-0.0032,-0.0001
62396588,93,138,0.6739,887,0.0035,0.0007
62450588,94,138,0.6812,887,0.0008,-0.0003
62505588,85,125,0.68,897,-0.0001,-0.0001
62561588,85,132,0.6439,893,-0.004,-0.0004
62615588,95,141,0.6738,885,0.0033,0.0008
62669604,89,134,0.6642,891,-0.0011,-0.0005
62724589,82,129,0.6357,895,-0.0032,-0.0002
62778609,92,137,0.6715,889,0.004,0.0008
62833314,96,142,0.6761,886,0.0005,-0.0004
62889591,82,127,0.6457,898,-0.0034,-0.0004
62944588,88,133,0.6617,893,0.0018,0.0006
62998588,99,144,0.6875,882,0.0029,0.0001
63052588,89,133,0.6692,891,-0.002,-0.0005
63106588,81,124,0.6532,896,-0.0018,0
63162588,89,135,0.6593,889,0.0007,0.0003
63217587,97,137,0.708,885,0.0054,0.0005
63271588,84,128,0.6562,895,-0.0058,-0.0012
63325588,84,127,0.6614,896,0.0006,0.0007
63379588,92,136,0.6765,888,0.0017,0.0001
63434128,92,136,0.6765,888,0.0017,0.0001
63489573,81,125,0.648,897,0.0403,0.009
63543553,84,131,0.6412,893,-0.0008,-0.0046
63597688,96,141,0.6809,885,0.0043,0.0006
63651591,93,139,0.6691,887,-0.0013,-0.0006
63705592,82,126,0.6508,897,-0.002,-0.0001
63761592,85,132,0.6439,893,-0.0008,0.0001
63815588,97,141,0.6879,884,0.0049,0.0006
63870588,86,129,0.6667,893,-0.0024,-0.0008
63924588,81,117,0.6923,896,0.0029,0.0006
63978588,86,131,0.6565,890,-0.004,-0.0008
64032588,95,134,0.709,885,0.0058,0.0011
64088588,82,125,0.656,895,-0.0059,-0.0013
64143588,83,123,0.6748,894,0.0021,0.0009
64197588,95,138,0.6884,884,0.0015,-0.0001
64251605,90,135,0.6667,886,-0.0024,-0.0004
64305589,81,123,0.6585,896,-0.0009,0.0002
64361411,83,127,0.6535,893,-0.0005,0
64415592,95,138,0.6884,885,0.0039,0.0005
64469592,87,130,0.6692,891,-0.0021,-0.0007
64523588,80,124,0.6452,897,-0.0027,-0.0001
64577588,85,130,0.6538,892,0.001,0.0004
64631588,94,139,0.6763,885,0.0025,0.0002
64687588,86,129,0.6667,892,-0.0011,-0.0004
64741588,80,125,0.64,896,-0.003,-0.0002
64796588,91,134,0.6791,887,0.0043,0.0008
64850588,92,131,0.7023,886,0.0026,-0.0002
64904588,85,126,0.6746,892,-0.0031,-0.0006
64958588,80,121,0.6612,895,-0.0015,0.0002
65014588,93,136,0.6838,885,0.0025,0.0004
65068588,87,130,0.6692,889,-0.0016,-0.0005
65122609,80,122,0.6557,896,-0.0015,0
65176791,79,125,0.632,894,-0.0025,-0.0001
65230591,93,136,0.6838,886,0.0058,0.0009
65286393,89,134,0.6642,888,-0.0018,-0.0007
65340588,79,123,0.6423,897,-0.0024,-0.0001
65394588,88,132,0.6667,889,0.0027,0.0006
65449588,93,140,0.6643,883,-0.0003,-0.0003
65503588,85,129,0.6589,892,-0.0006,0
65557588,81,124,0.6532,896,-0.0006,0
65613588,91,134,0.6791,887,0.0029,0.0004
65667588,92,133,0.6917,886,0.0014,-0.0002
65722588,80,122,0.6557,896,-0.004,-0.0006
65776588,83,125,0.664,893,0.0009,0.0005
65830754,92,135,0.6815,885,0.0019,0.0001
65884589,92,130,0.7077,886,0.0029,0.0001
65940716,77,119,0.6471,898,-0.0067,-0.0011
65994591,85,128,0.6641,891,0.0019,0.001
66048610,94,137,0.6861,884,0.0024,0.0001
66102588,87,131,0.6641,889,-0.0025,-0.0005
66156588,80,124,0.6452,896,-0.0021,0
66212588,80,128,0.625,893,-0.0022,0
66266588,95,138,0.6884,884,0.007,0.001
66320588,94,138,0.6812,883,-0.0008,-0.0009
66375587,77,124,0.621,897,-0.0067,-0.0007
66429588,90,136,0.6618,888,0.0045,0.0012
66483588,93,135,0.6889,885,0.003,-0.0002
66539588,78,122,0.6393,897,-0.0055,-0.0009
66594371,82,128,0.6406,893,0.0001,0.0006
66648588,92,134,0.6866,885,0.0051,0.0006
66702605,89,129,0.6899,889,0.0004,-0.0005
66757592,78,121,0.6446,897,-0.005,-0.0006
66814591,91,138,0.6594,884,0.0015,0.0006
66868588,89,132,0.6742,888,0.0016,0
66922588,79,124,0.6371,895,-0.0041,-0.0006
66977588,80,126,0.6349,895,-0.0002,0.0004
67031588,92,135,0.6815,886,0.0052,0.0006
67085588,89,132,0.6742,889,-0.0008,-0.0007
67141588,78,123,0.6341,897,-0.0045,-0.0004
67195588,88,132,0.6667,889,0.0036,0.0009
67250588,94,138,0.6812,884,0.0016,-0.0002
67304588,83,124,0.6694,893,-0.0013,-0.0003
67359304,80,122,0.6557,896,-0.0014,0
67415589,95,140,0.6786,882,0.0025,0.0004
67470592,82,125,0.656,893,-0.0025,-0.0006
67524591,79,120,0.6583,897,0.0003,0.0003
67579588,87,132,0.6591,889,0.0001,0
67633588,89,135,0.6593,885,0,0
67687588,83,125,0.664,893,0.0005,0.0001
67743588,75,123,0.6098,897,-0.006,-0.0007
67797588,92,136,0.6765,885,0.0074,0.0015
67852588,92,134,0.6866,886,0.0011,-0.0007
67906588,78,121,0.6446,897,-0.0047,-0.0006
67962587,86,131,0.6565,890,0.0013,0.0007
68018588,95,141,0.6738,883,0.0019,0.0001
68072588,82,125,0.656,895,-0.002,-0.0004
68126609,81,124,0.6532,894,-0.0003,0.0002
68181616,93,139,0.6691,883,0.0017,0.0002
68235592,88,129,0.6822,888,0.0015,0
68289593,80,122,0.6557,895,-0.0029,-0.0005
68345593,81,127,0.6378,892,-0.002,0.0001
68399593,92,136,0.6765,884,0.0043,0.0007
68454590,82,125,0.656,892,-0.0023,-0.0007
68508588,77,120,0.6417,897,-0.0016,0.0001
68562588,86,131,0.6565,888,0.0016,0.0004
68618390,94,139,0.6763,882,0.0018,0
68672601,78,123,0.6341,896,-0.0047,-0.0007
68727589,84,129,0.6512,891,0.0019,0.0007
68781589,93,138,0.6739,884,0.0025,0.0001
68836151,90,134,0.6716,887,-0.0002,-0.0003
68890589,80,125,0.64,895,-0.0035,-0.0004
68946592,86,131,0.6565,890,0.0018,0.0006
69000591,92,135,0.6815,885,0.0028,0.0001
69056586,78,118,0.661,897,-0.0022,-0.0005
69110588,82,125,0.656,893,-0.0006,0.0002
69164588,89,135,0.6593,885,0.0004,0.0001
69220391,90,132,0.6818,887,0.0021,0.0002
69274588,81,121,0.6694,895,-0.0014,-0.0004
69329588,86,131,0.6565,889,-0.0014,0
69383588,88,136,0.6471,884,-0.001,0
69439587,77,121,0.6364,896,-0.0012,0
69493588,81,126,0.6429,893,0.0007,0.0002
69549609,99,140,0.7071,881,0.0071,0.0007
69603588,85,129,0.6589,890,-0.0054,-0.0014
69658443,78,118,0.661,897,0.0002,0.0006
69712592,88,133,0.6617,888,0.0001,0
69766595,94,135,0.6963,883,0.0039,0.0004
69822391,81,124,0.6532,895,-0.004,-0.0007
69876591,79,122,0.6475,894,-0.0006,0.0004
69931587,91,136,0.6691,884,0.0024,0.0003
69985588,87,130,0.6692,887,0,-0.0003
70039588,77,121,0.6364,896,-0.0037,-0.0004
70093588,82,124,0.6613,893,0.0028,0.0007
70149588,97,138,0.7029,881,0.0046,0.0002
70206588,74,118,0.6271,899,-0.0084,-0.0014
70260716,82,126,0.6508,892,0.0026,0.0012
70314589,93,136,0.6838,884,0.0037,0.0001
70368609,89,133,0.6692,886,-0.0016,-0.0006
70424500,77,121,0.6364,897,-0.003,-0.0001
70478592,85,128,0.6641,890,0.0031,0.0007
70533587,94,138,0.6812,883,0.0018,-0.0001
70587588,84,128,0.6562,892,-0.0028,-0.0005
70641588,77,121,0.6364,896,-0.0022,0.0001
70695588,84,126,0.6667,890,0.0034,0.0006
70751588,92,135,0.6815,883,0.0016,-0.0002
70806587,73,117,0.6239,897,-0.0064,-0.0009
70860588,79,122,0.6475,893,0.0026,0.001
70914588,90,133,0.6767,884,0.0032,0.0001
70968588,89,130,0.6846,886,0.0009,-0.0003
71022588,75,119,0.6303,896,-0.006,-0.0008
71078609,80,123,0.6504,893,0.0022,0.0009
71132588,91,133,0.6842,884,0.0038,0.0002
71186664,85,128,0.6641,889,-0.0023,-0.0007
71240592,77,119,0.6471,896,-0.0019,0
71294592,82,127,0.6457,891,-0.0002,0.0002
71351394,95,141,0.6738,880,0.0026,0.0003
71405588,80,119,0.6723,894,-0.0002,-0.0003
71459588,77,121,0.6364,895,-0.004,-0.0004
71513588,86,129,0.6667,887,0.0034,0.0008
71567587,89,131,0.6794,885,0.0014,-0.0002
71622588,76,118,0.6441,895,-0.0039,-0.0006
71678592,75,120,0.625,894,-0.0021,0.0002
71732588,89,132,0.6742,884,0.0055,0.0008
71786588,85,126,0.6746,888,0,-0.0006
71840766,75,117,0.641,896,-0.0037,-0.0004
71894589,81,124,0.6532,891,0.0014,0.0006
71948605,91,133,0.6842,883,0.0034,0.0002
72005592,79,121,0.6529,894,-0.0035,-0.0008
72061587,77,120,0.6417,895,-0.0012,0.0002
72115588,90,131,0.687,884,0.005,0.0007
72171601,83,125,0.664,891,-0.0026,-0.0008
72225589,76,121,0.6281,896,-0.004,-0.0002
72281589,89,134,0.6642,884,0.004,0.0009
72335589,87,124,0.7016,887,0.0042,0
72389591,76,115,0.6609,895,-0.0045,-0.001
72444587,75,116,0.6466,894,-0.0016,0.0003
72498593,88,130,0.6769,885,0.0034,0.0006
72552616,83,124,0.6694,888,-0.0008,-0.0005
72608588,75,116,0.6466,896,-0.0025,-0.0002
72663588,83,126,0.6587,889,0.0014,0.0004
72718611,84,126,0.6667,888,0.0009,-0.0001
72772589,78,119,0.6555,894,-0.0012,-0.0002
72826588,76,129,0.5891,895,-0.0078,-0.0008
72883594,94,135,0.6963,880,0.0119,0.0022
72938587,79,119,0.6639,893,-0.0036,-0.0017
72992610,77,119,0.6471,894,-0.0019,0.0002
73046589,85,126,0.6746,888,0.0031,0.0005
73100588,90,130,0.6923,884,0.002,-0.0001
73154588,80,115,0.6957,892,0.0004,-0.0002
73210592,73,115,0.6348,897,-0.0068,-0.0008
73264589,88,129,0.6822,884,0.0053,0.0013
73319589,85,124,0.6855,888,0.0004,-0.0005
73373589,74,116,0.6379,895,-0.0053,-0.0006
73427588,79,120,0.6583,892,0.0023,0.0008
73485596,92,131,0.7023,881,0.0051,0.0003
73539588,74,111,0.6667,896,-0.0042,-0.0011
73593588,77,118,0.6525,894,-0.0016,0.0003
73647592,88,129,0.6822,885,0.0033,0.0005
73702587,88,128,0.6875,885,0.0006,-0.0003
73757605,74,113,0.6549,897,-0.0033,-0.0004
73813589,85,128,0.6641,888,0.001,0.0005
73867588,89,128,0.6953,885,0.0035,0.0003
73921588,79,120,0.6583,892,-0.0041,-0.0008
73975588,75,112,0.6696,897,0.0013,0.0006
74029587,83,124,0.6694,887,0,-0.0001
74085390,87,127,0.685,883,0.0015,0.0001
74139589,74,111,0.6667,895,-0.002,-0.0004
74193709,71,112,0.6339,893,-0.0036,-0.0002
74247589,83,121,0.686,885,0.0058,0.001
74303605,84,120,0.7,886,0.0014,-0.0004
74357594,69,109,0.633,897,-0.0074,-0.001
74414588,85,126,0.6746,883,0.0046,0.0013
74468589,85,126,0.6746,884,0,-0.0005
74522588,74,113,0.6549,894,-0.0022,-0.0002
74576592,80,113,0.708,894,0.0059,0.0009
74630588,85,125,0.68,885,-0.0031,-0.001
74686394,85,122,0.6967,885,0.0015,0.0004
74740588,72,110,0.6545,896,-0.0047,-0.0007
74794588,79,116,0.681,891,0.0029,0.0008
74849594,88,129,0.6822,881,0.0001,-0.0003
74903588,78,117,0.6667,890,-0.0017,-0.0002
74957589,72,110,0.6545,896,-0.0013,0
75013589,79,121,0.6529,888,-0.0002,0.0001
75068603,86,125,0.688,885,0.0039,0.0005
75122588,77,116,0.6638,892,-0.0027,-0.0007
75176601,73,114,0.6404,896,-0.0026,0
75231588,88,128,0.6875,884,0.0052,0.0009
75285589,85,125,0.68,887,-0.0008,-0.0007
75341588,75,114,0.6579,896,-0.0025,-0.0002
75395588,81,119,0.6807,890,0.0025,0.0006
75449595,89,128,0.6953,883,0.0016,-0.0001
75504594,79,116,0.681,891,-0.0015,-0.0003
75558588,75,112,0.6696,894,-0.0013,0
75614588,88,124,0.7097,885,0.0044,0.0006
75668588,86,124,0.6935,886,-0.0018,-0.0007
75724610,68,111,0.6126,898,-0.0081,-0.0006
75778589,79,119,0.6639,890,0.0057,0.0015
75832589,87,127,0.685,884,0.0024,-0.0004
75886588,83,121,0.686,888,0.0001,-0.0003
75943587,72,112,0.6429,898,-0.0048,-0.0005
75997589,88,129,0.6822,884,0.0044,0.001
76051589,88,127,0.6929,885,0.0012,-0.0004
76105844,79,119,0.6639,892,-0.0031,-0.0005
76159588,75,116,0.6466,895,-0.0019,0.0001
76215406,87,126,0.6905,884,0.0041,0.0006
76269589,83,122,0.6803,888,-0.0011,-0.0006
76323588,75,111,0.6757,895,-0.0005,0.0001
76377589,76,116,0.6552,893,-0.0023,-0.0002
76431609,86,122,0.7049,885,0.0055,0.0009
76486522,85,123,0.6911,887,-0.0014,-0.0007
76542589,70,109,0.6422,899,-0.0054,-0.0004
76598603,88,128,0.6875,883,0.0046,0.001
76652587,84,124,0.6774,887,-0.0011,-0.0006
76707588,73,111,0.6577,897,-0.0022,-0.0001
76762593,82,122,0.6721,890,0.0016,0.0004
76816588,89,130,0.6846,884,0.0014,0
76872588,76,117,0.6496,895,-0.0039,-0.0006
76926588,76,120,0.6333,895,-0.0018,0.0002
76981587,90,132,0.6818,884,0.0054,0.0008
77035588,86,126,0.6825,887,0.0001,-0.0006
77090275,75,114,0.6579,895,-0.0025,-0.0003
77146589,80,119,0.6723,890,0.0016,0.0005
77201591,87,126,0.6905,885,0.002,0
77255591,76,116,0.6552,893,-0.0039,-0.0007
77310609,73,113,0.646,896,-0.001,0.0003
77364588,85,126,0.6746,886,0.0032,0.0005
77418592,86,125,0.688,886,0.0015,-0.0002
77474588,70,112,0.625,898,-0.007,-0.0009
77529588,83,124,0.6694,888,0.0049,0.0013
77583588,90,130,0.6923,884,0.0026,-0.0003
77637588,81,123,0.6585,890,-0.0038,-0.0007
77691588,76,118,0.6441,895,-0.0016,0.0002
77747588,85,130,0.6538,886,0.0011,0.0003
77801588,89,132,0.6742,885,0.0023,0.0001
77855588,79,118,0.6695,894,-0.0005,-0.0003
77909609,77,119,0.6471,896,-0.0025,-0.0002
77963725,86,127,0.6772,887,0.0032,0.0006
78017591,90,131,0.687,884,0.0011,-0.0002
78074591,70,109,0.6422,899,-0.0051,-0.0007
78128588,81,121,0.6694,891,0.003,0.0009
78182589,89,130,0.6846,885,0.0017,-0.0001
78236588,85,126,0.6746,888,-0.0011,-0.0003
78290589,73,116,0.6293,897,-0.005,-0.0004
78346390,82,125,0.656,890,0.0025,0.0007
78400589,89,131,0.6794,885,0.0026,0
78454588,83,119,0.6975,893,0.002,-0.0001
78509587,75,119,0.6303,896,-0.0075,-0.0011
78563688,88,132,0.6667,886,0.004,0.0013
78617609,91,134,0.6791,884,0.0014,-0.0003
78673569,76,117,0.6496,896,-0.0033,-0.0005
78727700,80,123,0.6504,892,0.0001,0.0004
78781591,88,129,0.6822,885,0.0035,0.0004
78835591,86,126,0.6825,886,0,-0.0004
78889591,76,111,0.6847,895,0.0002,0
78943588,74,114,0.6491,895,-0.004,-0.0005
79000587,89,129,0.6899,882,0.0045,0.0009
79054588,79,119,0.6639,891,-0.0029,-0.0008
79108588,72,113,0.6372,895,-0.003,0
79162588,81,120,0.675,889,0.0042,0.0008
79216589,89,128,0.6953,882,0.0023,-0.0002
79272588,75,113,0.6637,895,-0.0035,-0.0006
79326588,73,114,0.6404,895,-0.0026,0.0001
79381083,29,71,0.4085,942,-0.0244,-0.0023
79434588,88,128,0.6875,884,0.031,0.0062
79488609,78,116,0.6724,892,-0.0017,-0.0036
79543594,73,112,0.6518,896,-0.0023,-0.0001
79599591,89,129,0.6899,883,0.0042,0.0007
79653588,89,129,0.6899,883,0.0042,0.0007
79707588,72,107,0.6729,897,-0.0008,0
79761588,77,117,0.6581,892,-0.0016,-0.0001
79815588,84,124,0.6774,885,0.0021,0.0004
79871588,80,119,0.6723,889,-0.0006,-0.0003
79926587,70,112,0.625,895,-0.0053,-0.0005
79980588,81,121,0.6694,888,0.0049,0.0011
80034588,85,124,0.6855,885,0.0018,-0.0004
80088588,76,115,0.6609,892,-0.0027,-0.0005
80142588,72,111,0.6486,895,-0.0014,0.0002
80198605,87,127,0.685,883,0.004,0.0006
80252589,82,121,0.6777,887,-0.0008,-0.0005
80306593,73,115,0.6348,895,-0.0046,-0.0004
80360589,75,116,0.6466,893,0.0013,0.0007
80414592,84,125,0.672,886,0.0028,0.0002
80470389,86,127,0.6772,885,0.0005,-0.0002
80525588,73,114,0.6404,896,-0.0041,-0.0005
80580588,82,126,0.6508,888,0.0012,0.0006
80634588,87,128,0.6797,884,0.0032,0.0002
80689587,75,114,0.6579,894,-0.0024,-0.0006
80743588,70,111,0.6306,896,-0.003,-0.0001
80799588,90,126,0.7143,882,0.0093,0.0014
80853588,77,119,0.6471,888,-0.0075,-0.0019
80907588,72,111,0.6486,894,0.0002,0.0008
80962588,79,117,0.6752,888,0.003,0.0003
81016609,85,125,0.68,883,0.0005,-0.0003
81071604,79,118,0.6695,889,-0.001,-0.0002
81127591,73,113,0.646,894,-0.0026,-0.0002
81181588,84,126,0.6667,885,0.0023,0.0006
81235588,85,121,0.7025,885,0.004,0.0002
81289588,75,116,0.6466,894,-0.0062,-0.0011
81343588,73,116,0.6293,895,-0.0019,0.0005
81399588,87,135,0.6444,883,0.0016,0.0004
81453587,80,125,0.64,889,-0.0005,-0.0002
81507588,75,119,0.6303,895,-0.0011,-0.0001
81561588,79,122,0.6475,891,0.0019,0.0003
81616588,88,130,0.6769,884,0.0033,0.0001
81670486,81,123,0.6585,888,-0.0021,-0.0006
81726609,70,113,0.6195,898,-0.0043,-0.0003
81780588,83,126,0.6587,887,0.0044,0.001
81834716,87,129,0.6744,884,0.0018,-0.0003
81888592,79,120,0.6583,891,-0.0018,-0.0004
81942591,75,116,0.6466,893,-0.0013,0.0001
81998389,85,127,0.6693,885,0.0022,0.0003
82052588,85,125,0.68,886,0.0012,-0.0001
82107588,72,114,0.6316,896,-0.0054,-0.0007
82161588,76,118,0.6441,893,0.0014,0.0008
82215588,87,130,0.6692,884,0.0028,0.0002
82269588,86,126,0.6825,887,0.0015,-0.0001
82325588,70,112,0.625,899,-0.0064,-0.0009
82380588,83,128,0.6484,887,0.0026,0.001
82434588,90,134,0.6716,882,0.0026,0
82488728,78,120,0.65,891,-0.0024,-0.0005
82542553,74,114,0.6491,895,-0.0001,0.0003
82596573,81,123,0.6585,888,0.001,0.0001
82653592,87,126,0.6905,883,0.0035,0.0003
82709587,70,108,0.6481,898,-0.0046,-0.0009
82763736,81,124,0.6532,888,0.0006,0.0006
82817588,86,127,0.6772,884,0.0027,0.0002
82871588,77,116,0.6638,892,-0.0015,-0.0005
82927588,71,109,0.6514,897,-0.0013,0
82982588,87,126,0.6905,884,0.0043,0.0006
83036588,85,125,0.68,885,-0.0012,-0.0006
83090588,73,114,0.6404,895,-0.0044,-0.0004
83144588,75,117,0.641,893,0.0001,0.0005
83198588,83,129,0.6434,884,0.0003,0
83254588,85,126,0.6746,885,0.0035,0.0004
83308553,72,115,0.6261,896,-0.0054,-0.001
83363594,82,128,0.6406,887,0.0016,0.0008
83417592,87,129,0.6744,884,0.0037,0.0002
83473588,70,116,0.6034,894,-0.008,-0.0013
83529588,75,118,0.6356,892,0.0035,0.0013
83584587,87,129,0.6744,883,0.0043,0.0001
83638588,78,119,0.6555,891,-0.0021,-0.0007
83692589,73,110,0.6636,895,0.0009,0.0003
83746589,71,113,0.6283,898,-0.0039,-0.0005
83800588,87,127,0.685,884,0.0063,0.0011
83856588,77,120,0.6417,892,-0.0048,-0.0012
83910588,76,122,0.623,893,-0.0021,0.0003
83965012,86,133,0.6466,885,0.0025,0.0005
84018553,90,134,0.6716,884,0.0028,0
84072573,79,124,0.6371,894,-0.0038,-0.0007
84128478,74,120,0.6167,897,-0.0019,0.0002
84182591,89,135,0.6593,885,0.0047,0.0007
84237588,89,135,0.6593,886,0,-0.0005
84291595,80,125,0.64,894,-0.0021,-0.0002
84345588,82,128,0.6406,891,0.0001,0.0002
84399588,91,136,0.6691,884,0.0032,0.0003
84455588,85,128,0.6641,890,-0.0006,-0.0004
84510587,76,121,0.6281,895,-0.004,-0.0004
84564588,86,133,0.6466,887,0.0021,0.0007
84618588,90,134,0.6716,885,0.0028,0.0001
84673605,80,124,0.6452,893,-0.0029,-0.0006
84729389,80,125,0.64,893,-0.0005,0.0002
84783553,91,137,0.6642,884,0.0027,0.0004
84839297,83,128,0.6484,891,-0.0016,-0.0004
84893591,78,125,0.624,894,-0.0027,-0.0001
84947592,85,133,0.6391,888,0.0017,0.0005
85001588,91,138,0.6594,884,0.0023,0.0001
85057588,76,124,0.6129,896,-0.0052,-0.0008
85112587,81,128,0.6328,893,0.0022,0.0008
85166588,91,136,0.6691,885,0.004,0.0002
85220588,88,136,0.6471,886,-0.0025,-0.0007
85275588,75,120,0.625,897,-0.0025,0
85331390,85,130,0.6538,888,0.0027,0.0005
85385588,90,136,0.6618,885,0.0009,-0.0002
85439588,82,126,0.6508,892,-0.0012,-0.0002
85493609,76,122,0.623,896,-0.0031,-0.0002
85547588,86,135,0.637,887,0.0016,0.0005
85603344,91,138,0.6594,884,0.0022,0.0001
85659610,72,121,0.595,899,-0.0071,-0.001
85714590,87,137,0.635,887,0.0043,0.0012
85768588,86,136,0.6324,887,-0.0003,-0.0005
85822588,82,129,0.6357,893,0.0004,0.0001
85876588,78,127,0.6142,895,-0.0024,-0.0003
85932410,90,138,0.6522,885,0.0035,0.0005
85987588,89,134,0.6642,887,0.0013,-0.0002
86041588,79,124,0.6371,895,-0.003,-0.0005
86095588,82,131,0.626,890,-0.0012,0.0002
86149588,89,136,0.6544,885,0.0032,0.0005
86203589,88,134,0.6567,887,0.0003,-0.0003
86259609,74,122,0.6066,897,-0.0056,-0.0006
86313589,86,134,0.6418,888,0.0039,0.0011
86367680,91,140,0.65,883,0.0009,-0.0003
86421592,85,134,0.6343,889,-0.0017,-0.0003
86475591,75,126,0.5952,896,-0.0044,-0.0003
86532389,89,140,0.6357,885,0.0037,0.0008
86586588,89,139,0.6403,886,0.0005,-0.0004
86640592,80,129,0.6202,894,-0.0022,-0.0003
86694588,81,129,0.6279,893,0.0009,0.0003
86748588,89,136,0.6544,886,0.0029,0.0002
86802588,92,136,0.6765,885,0.0025,-0.0001
86858654,78,123,0.6341,896,-0.0047,-0.0008
86913587,85,132,0.6439,889,0.0011,0.0006
86967588,91,137,0.6642,884,0.0023,0.0001
87021973,85,132,0.6439,889,-0.0022,-0.0005
87075588,77,124,0.621,896,-0.0026,0
87129609,85,132,0.6439,890,0.0025,0.0006
87186593,88,137,0.6423,886,-0.0002,-0.0003
87241592,78,125,0.624,896,-0.0018,-0.0002
87295589,84,133,0.6316,890,0.0008,0.0003
87349589,92,141,0.6525,884,0.0023,0.0002
87404589,87,136,0.6397,888,-0.0014,-0.0004
87460588,75,122,0.6148,899,-0.0028,-0.0002
87515588,89,136,0.6544,886,0.0044,0.0008
87569588,89,135,0.6593,886,0.0005,-0.0004
87623588,80,126,0.6349,893,-0.0027,-0.0004
87677841,77,126,0.6111,894,-0.0026,0
87731588,87,136,0.6397,886,0.0032,0.0006
87787609,90,134,0.6716,884,0.0035,0
87841589,76,123,0.6179,896,-0.006,-0.0011
87895676,79,126,0.627,893,0.001,0.0008
87949592,90,137,0.6569,884,0.0033,0.0003
88003592,90,131,0.687,887,0.0033,0
88060389,74,120,0.6167,899,-0.0065,-0.0009
88114588,86,136,0.6324,887,0.0017,0.0009
88168588,92,139,0.6619,884,0.0033,0.0002
88222588,81,130,0.6231,892,-0.0043,-0.0008
88276588,77,124,0.621,895,-0.0002,0.0005
88330588,86,131,0.6565,887,0.0039,0.0005
88386588,91,136,0.6691,882,0.0014,-0.0003
88442587,72,115,0.6261,898,-0.0048,-0.0007
88496637,85,130,0.6538,887,0.0031,0.0009
88550609,89,134,0.6642,884,0.0011,-0.0002
88604588,83,127,0.6535,888,-0.0012,-0.0003
88660315,72,115,0.6261,898,-0.0028,-0.0002
88716592,88,133,0.6617,884,0.004,0.0008
88771588,84,127,0.6614,889,0,-0.0004
88825588,74,121,0.6116,895,-0.0055,-0.0006
88879588,81,127,0.6378,890,0.0029,0.0009
88933588,86,136,0.6324,884,-0.0006,-0.0004
88989588,81,125,0.648,891,0.0017,0.0003
89044588,70,122,0.5738,896,-0.0082,-0.0011
89098588,86,133,0.6466,886,0.0081,0.0018
89152588,87,133,0.6541,886,0.0008,-0.0008
89206588,76,122,0.623,893,-0.0035,-0.0005
89260588,75,121,0.6198,894,-0.0003,0.0003
89316609,89,137,0.6496,882,0.0033,0.0004
89370589,83,127,0.6535,888,0.0004,-0.0003
89424697,75,118,0.6356,894,-0.002,-0.0003
89478591,76,121,0.6281,893,-0.0008,0.0001
89532591,85,128,0.6641,886,0.004,0.0005
89588389,84,130,0.6462,887,-0.0017,-0.0005
89642588,75,120,0.625,895,-0.0024,-0.0001
89697588,81,129,0.6279,888,0.0003,0.0003
89751588,86,135,0.637,883,0.001,0.0001
89805588,80,126,0.6349,891,-0.0002,-0.0001
89859588,78,126,0.619,890,-0.0018,-0.0002
89915588,87,135,0.6444,884,0.0028,0.0005
89970587,88,133,0.6617,885,0.0019,-0.0001
90024588,75,121,0.6198,896,-0.0046,-0.0007
90078609,76,125,0.608,893,-0.0013,0.0004
90132588,87,134,0.6493,885,0.0046,0.0007
90186605,85,130,0.6538,886,0.0005,-0.0005
90243592,73,117,0.6239,896,-0.0033,-0.0004
90299591,86,136,0.6324,884,0.0009,0.0005
90353588,83,127,0.6535,887,0.0024,0.0002
90410587,70,116,0.6034,898,-0.0056,-0.0009
90464588,82,130,0.6308,887,0.003,0.001
90520588,87,132,0.6591,884,0.0031,0
90574588,72,120,0.6,895,-0.0066,-0.0011
90628588,75,123,0.6098,894,0.0011,0.0008
90683592,86,135,0.637,883,0.003,0.0002
90737589,82,129,0.6357,889,-0.0002,-0.0004
90791589,75,122,0.6148,894,-0.0023,-0.0002
90848591,84,132,0.6364,887,0.0024,0.0005
90903595,85,131,0.6489,886,0.0014,-0.0001
90957591,75,118,0.6356,894,-0.0015,-0.0003
91012590,75,121,0.6198,893,-0.0017,0
91066588,85,132,0.6439,885,0.0027,0.0005
91122588,79,124,0.6371,889,-0.0007,-0.0004
91176600,72,116,0.6207,895,-0.0018,-0.0001
91230588,82,127,0.6457,887,0.0028,0.0005
91285588,88,131,0.6718,882,0.0029,0
91339588,78,121,0.6446,891,-0.003,-0.0007
91393588,73,119,0.6134,893,-0.0035,-0.0001
91449588,84,130,0.6462,885,0.0036,0.0008
91504368,80,125,0.64,889,-0.0006,-0.0004
91558589,72,118,0.6102,895,-0.0033,-0.0003
91614310,81,127,0.6378,887,0.0026,0.0005
91668592,86,131,0.6565,884,0.0021,-0.0001
91725592,71,113,0.6283,897,-0.0031,-0.0006
91779588,77,120,0.6417,891,0.0015,0.0005
91833588,87,131,0.6641,883,0.0025,0.0001
91887588,79,121,0.6529,889,-0.0012,-0.0004
91941588,71,115,0.6174,895,-0.0039,-0.0003
91995588,75,119,0.6303,892,0.0014,0.0006
92051588,94,133,0.7068,879,0.0085,0.0008
92105588,75,121,0.6198,891,-0.0097,-0.002
92160589,70,115,0.6087,895,-0.0012,0.0009
92214588,80,127,0.6299,887,0.0024,0.0004
92268691,85,129,0.6589,884,0.0032,0.0001
92322589,72,119,0.605,893,-0.006,-0.001
92378695,76,121,0.6281,892,0.0025,0.0009
92432592,85,133,0.6391,883,0.0012,-0.0001
92486591,84,130,0.6462,885,0.0008,0
92540588,74,118,0.6271,894,-0.0022,-0.0003
92594588,73,120,0.6083,893,-0.0021,0
92650588,87,135,0.6444,881,0.0039,0.0007
92704589,78,120,0.65,890,0.0006,-0.0004
92758588,70,115,0.6087,895,-0.0046,-0.0006
92814587,79,124,0.6371,887,0.0032,0.0009
92868588,84,128,0.6562,884,0.0021,-0.0001
92922588,74,118,0.6271,891,-0.0032,-0.0006
92978588,70,115,0.6087,896,-0.002,0.0001
93033200,84,129,0.6512,883,0.0044,0.0007
93087588,81,124,0.6532,888,0.0002,-0.0005
93141605,66,114,0.5789,897,-0.0082,-0.0009
93196588,78,124,0.629,889,0.0056,0.0015
93253593,89,137,0.6496,881,0.002,-0.0003
93307588,72,117,0.6154,896,-0.0038,-0.0006
93361588,73,119,0.6134,894,-0.0002,0.0004
93416588,88,128,0.6875,882,0.0082,0.0009
93470588,78,123,0.6341,888,-0.0059,-0.0016
93524588,71,116,0.6121,895,-0.0025,0.0004
93580588,77,122,0.6311,889,0.0021,0.0005
93634588,85,126,0.6746,883,0.0048,0.0003
93689588,74,119,0.6218,892,-0.0059,-0.0012
93743588,73,118,0.6186,892,-0.0004,0.0006
93797609,81,126,0.6429,887,0.0027,0.0003
93853391,85,131,0.6489,883,0.0006,-0.0002
93907677,72,118,0.6102,895,-0.0043,-0.0005
93961591,77,122,0.6311,891,0.0023,0.0007
94015592,85,131,0.6489,885,0.002,0
94069588,85,130,0.6538,885,0.0006,-0.0002
94123588,74,120,0.6167,894,-0.0041,-0.0005
94179588,74,121,0.6116,893,-0.0006,0.0004
94233594,87,133,0.6541,883,0.0047,0.0006
94287588,79,123,0.6423,889,-0.0013,-0.0007
94342588,67,109,0.6147,897,-0.0031,-0.0002
94396588,79,124,0.6371,888,0.0025,0.0006
94450588,86,130,0.6615,883,0.0027,0
94506588,74,117,0.6325,894,-0.0032,-0.0007
94560588,72,118,0.6102,894,-0.0025,0.0001
94615589,85,130,0.6538,884,0.0049,0.0008
94669609,84,126,0.6667,887,0.0014,-0.0004
94724591,72,118,0.6102,895,-0.0063,-0.0009
94781590,78,130,0.6,886,-0.001,0.0005
94835588,85,130,0.6538,885,0.006,0.0008
94889588,77,123,0.626,892,-0.0031,-0.001
94944587,72,120,0.6,895,-0.0029,0
94998588,87,133,0.6541,885,0.006,0.001
95052588,84,129,0.6512,886,-0.0003,-0.0007
95108588,71,115,0.6174,896,-0.0038,-0.0004
95162588,78,123,0.6341,890,0.0019,0.0006
95217588,86,131,0.6565,883,0.0025,0.0001
95271588,78,122,0.6393,890,-0.0019,-0.0005
95325616,71,116,0.6121,896,-0.003,-0.0001
95381589,81,129,0.6279,886,0.0018,0.0005
95435727,85,131,0.6489,885,0.0024,0.0001
95489592,74,121,0.6116,893,-0.0042,-0.0007
95543591,72,119,0.605,895,-0.0007,0.0004
95597591,81,130,0.6231,887,0.002,0.0003
95651588,86,132,0.6515,885,0.0032,0.0001
95709587,69,114,0.6053,899,-0.0051,-0.0009
95763588,81,130,0.6231,888,0.002,0.0008
95818587,89,136,0.6544,882,0.0035,0.0002
95872588,77,121,0.6364,892,-0.002,-0.0006
95926588,74,120,0.6167,893,-0.0022,0
95983588,89,141,0.6312,880,0.0016,0.0004
96038470,76,120,0.6333,892,0.0002,-0.0001
96092589,74,113,0.6549,895,0.0024,0.0002
96148386,83,131,0.6336,885,-0.0021,-0.0004
96202593,82,127,0.6457,886,0.0013,0.0004
96256593,74,120,0.6167,893,-0.0032,-0.0005
96312589,74,121,0.6116,893,-0.0006,0.0003
96366589,87,133,0.6541,883,0.0047,0.0006
96421587,81,125,0.648,889,-0.0007,-0.0006
96475588,72,118,0.6102,896,-0.0042,-0.0004
96529588,82,130,0.6308,886,0.0023,0.0007
96585389,89,137,0.6496,881,0.0017,-0.0001
96639588,75,122,0.6148,893,-0.0039,-0.0006
96694589,73,119,0.6134,894,-0.0001,0.0004
96748589,86,132,0.6515,884,0.0042,0.0005
96802609,84,127,0.6614,886,0.0011,-0.0003
96856590,72,117,0.6154,895,-0.0051,-0.0007
96912601,74,120,0.6167,893,0.0001,0.0006
96966591,86,131,0.6565,883,0.0044,0.0005
97020591,79,126,0.627,888,-0.0033,-0.0009
97075588,70,115,0.6087,897,-0.002,0.0001
97129588,78,127,0.6142,888,0.0006,0.0003
97186390,87,136,0.6397,882,0.0024,0.0002
97240589,72,120,0.6,894,-0.0044,-0.0008
97295589,75,123,0.6098,893,0.0011,0.0006
97349589,85,133,0.6391,884,0.0033,0.0002
97403589,82,129,0.6357,887,-0.0004,-0.0004
97458588,71,116,0.6121,897,-0.0026,-0.0002
97514588,83,128,0.6484,885,0.004,0.0007
97568588,83,126,0.6587,886,0.0011,-0.0003
97622609,72,115,0.6261,894,-0.0036,-0.0005
97676670,71,115,0.6174,894,-0.0009,0.0003
97730591,81,123,0.6585,886,0.0046,0.0006
97784592,84,128,0.6562,884,-0.0003,-0.0005
97840588,68,114,0.5965,896,-0.0066,-0.0007
97894588,73,119,0.6134,892,0.0019,0.0009
97949588,86,132,0.6515,882,0.0042,0.0003
98003587,78,123,0.6341,889,-0.0019,-0.0007
98057588,69,114,0.6053,896,-0.0032,-0.0001
98114588,78,125,0.624,889,0.0021,0.0006
98168588,83,128,0.6484,885,0.0027,0.0001
98223588,71,117,0.6068,895,-0.0046,-0.0008
98277588,75,120,0.625,891,0.002,0.0007
98331589,83,126,0.6587,884,0.0037,0.0002
98385609,79,122,0.6475,887,-0.0012,-0.0006
98441635,68,107,0.6355,896,-0.0013,0
98495594,76,120,0.6333,889,-0.0002,0.0001
98550590,85,125,0.68,882,0.0047,0.0005
98604588,74,117,0.6325,892,-0.0053,-0.0011
98658588,68,113,0.6018,895,-0.0034,0.0002
98715588,83,130,0.6385,882,0.0041,0.0008
98769588,78,124,0.629,887,-0.001,-0.0006
98824587,67,113,0.5929,897,-0.004,-0.0003
98878588,77,122,0.6311,889,0.0042,0.0009
98932588,85,130,0.6538,883,0.0025,-0.0002
98986588,79,126,0.627,888,-0.003,-0.0006
99043153,71,119,0.5966,894,-0.0032,0
99097588,83,130,0.6385,885,0.0046,0.0009
99153283,82,125,0.656,886,0.0016,-0.0003
99207592,69,113,0.6106,896,-0.0051,-0.0007
99261593,76,119,0.6387,890,0.0031,0.0009
99317589,86,131,0.6565,881,0.002,-0.0001
99371589,75,117,0.641,892,-0.0017,-0.0004
99426587,69,114,0.6053,895,-0.004,-0.0003
99480588,79,128,0.6172,884,0.0013,0.0006
99534588,83,127,0.6535,885,0.004,0.0003
99588588,81,127,0.6378,883,-0.0017,-0.0006
99644588,75,121,0.6198,890,-0.002,0
99699589,85,131,0.6489,882,0.0032,0.0006
99754589,75,120,0.625,891,-0.0027,-0.0007
99808553,71,116,0.6121,895,-0.0014,0.0001
99862627,81,128,0.6328,886,0.0023,0.0004
99918593,86,131,0.6565,882,0.0026,0
99972594,71,113,0.6283,894,-0.0031,-0.0006
100027587,72,117,0.6154,893,-0.0015,0.0002
100081588,85,126,0.6746,883,0.0066,0.0009
100135588,79,122,0.6475,887,-0.003,-0.0011
100190589,67,112,0.5982,897,-0.0055,-0.0003
100246589,82,127,0.6457,884,0.0053,0.0012
100301589,85,126,0.6746,884,0.0032,-0.0002
100355589,71,115,0.6174,894,-0.0064,-0.0011
100409589,72,118,0.6102,892,-0.0008,0.0006
100463588,82,127,0.6457,885,0.0039,0.0005
100519587,81,127,0.6378,886,-0.0009,-0.0005
100573553,71,115,0.6174,895,-0.0023,-0.0002
100627573,76,121,0.6281,891,0.0012,0.0004
100681740,88,134,0.6567,880,0.0031,0.0002
100735591,79,124,0.6371,888,-0.0022,-0.0006
100789592,70,113,0.6195,895,-0.002,0
100845588,76,122,0.623,889,0.0004,0.0003
100899587,83,127,0.6535,883,0.0034,0.0003
100954586,74,115,0.6435,892,-0.0011,-0.0005
101008587,72,115,0.6261,894,-0.0019,-0.0001
101062587,79,125,0.632,886,0.0007,0.0003
101116586,83,127,0.6535,884,0.0024,0.0002
101172599,70,114,0.614,895,-0.0044,-0.0008
101227587,75,120,0.625,890,0.0012,0.0006
101281587,83,128,0.6484,884,0.0026,0.0002
101335597,80,126,0.6349,887,-0.0015,-0.0005
101389551,71,117,0.6068,894,-0.0031,-0.0002
101445642,80,129,0.6202,885,0.0015,0.0005
101499590,85,131,0.6489,882,0.0032,0.0002
101553590,75,120,0.625,891,-0.0026,-0.0006
101607587,70,113,0.6195,895,-0.0006,0.0002
101661587,79,123,0.6423,887,0.0025,0.0004
101715587,83,124,0.6694,883,0.003,0.0001
101771587,71,115,0.6174,893,-0.0058,-0.001
101825588,72,112,0.6429,893,0.0028,0.001
101880587,85,128,0.6641,882,0.0024,-0.0001
101934587,79,123,0.6423,886,-0.0024,-0.0005
101988587,71,114,0.6228,894,-0.0022,0
102044389,72,118,0.6102,891,-0.0012,0.0001
102099199,85,130,0.6538,882,0.0045,0.0006
102153551,72,116,0.6207,893,-0.0037,-0.0009
102207568,71,115,0.6174,894,-0.0004,0.0004
102262591,83,129,0.6434,883,0.0029,0.0004
102316591,83,127,0.6535,884,0.0011,-0.0002
102372588,68,112,0.6071,896,-0.0052,-0.0007
102426587,74,115,0.6435,891,0.004,0.001
102481549,85,129,0.6589,881,0.0017,-0.0003
102535587,76,120,0.6333,889,-0.0028,-0.0005
102589587,69,111,0.6216,895,-0.0013,0.0002
102646388,79,121,0.6529,886,0.0029,0.0004
102700587,81,123,0.6585,885,0.0006,-0.0003
102755588,67,111,0.6036,896,-0.0061,-0.0007
102809588,73,118,0.6186,891,0.0017,0.0009
102863572,82,126,0.6508,884,0.0036,0.0002
102917551,82,124,0.6613,886,0.0012,-0.0003
102973680,59,106,0.5566,901,-0.0115,-0.0014
103027591,79,123,0.6423,888,0.0095,0.0023
103081590,85,130,0.6538,882,0.0013,-0.0009
103135587,78,121,0.6446,889,-0.001,-0.0003
103189587,69,112,0.6161,895,-0.0032,-0.0002
103243587,77,122,0.6311,888,0.0017,0.0005
103299586,82,124,0.6613,884,0.0033,0.0002
103353587,72,110,0.6545,893,-0.0008,-0.0005
103408586,69,113,0.6106,894,-0.0049,-0.0005
103462587,79,123,0.6423,885,0.0035,0.0009
103516586,82,124,0.6613,885,0.0021,-0.0002
103572587,66,106,0.6226,897,-0.0042,-0.0007
103626587,77,121,0.6364,888,0.0015,0.0006
103680555,85,127,0.6693,883,0.0037,0.0002
103734572,79,122,0.6475,887,-0.0024,-0.0007
103788665,67,112,0.5982,895,-0.0058,-0.0004
103842591,74,119,0.6218,890,0.0026,0.0009
103899585,91,133,0.6842,880,0.0067,0.0004
103954586,70,113,0.6195,895,-0.0072,-0.0015
104009549,73,119,0.6134,892,-0.0007,0.0007
104063660,84,130,0.6462,883,0.0036,0.0005
104117586,78,120,0.65,888,0.0004,-0.0004
104174402,65,105,0.619,898,-0.0029,-0.0003
104228588,82,125,0.656,884,0.0041,0.0008
104283587,79,118,0.6695,886,0.0015,-0.0003
104337588,72,114,0.6316,893,-0.0042,-0.0006
104392383,72,117,0.6154,891,-0.0017,0.0003
104446587,83,127,0.6535,883,0.0042,0.0007
104502590,76,119,0.6387,890,-0.0017,-0.0007
104556591,70,113,0.6195,895,-0.0021,-0.0001
104612590,79,129,0.6124,885,-0.0008,0.0001
104666587,80,124,0.6452,887,0.0036,0.0005
104720588,73,117,0.6239,892,-0.0024,-0.0007
104776389,73,119,0.6134,892,-0.001,0.0001
104830587,85,131,0.6489,882,0.0039,0.0005
104885587,77,120,0.6417,890,-0.0008,-0.0005
104939587,70,112,0.625,894,-0.0019,-0.0001
104993587,77,119,0.6471,887,0.0025,0.0005
105048586,81,121,0.6694,883,0.0025,0
105104608,64,104,0.6154,896,-0.006,-0.0009
105158587,72,114,0.6316,891,0.0018,0.0009
105212604,80,123,0.6504,884,0.0021,0
105267590,75,117,0.641,889,-0.001,-0.0003
105321591,67,111,0.6036,895,-0.0042,-0.0003
105378388,79,122,0.6475,885,0.0039,0.0007
105432586,80,123,0.6504,886,0.0003,-0.0004
105487587,68,111,0.6126,897,-0.0042,-0.0005
105541587,74,119,0.6218,890,0.001,0.0006
105595587,84,128,0.6562,883,0.0038,0.0003
105649586,79,123,0.6423,887,-0.0016,-0.0006
105705587,65,111,0.5856,898,-0.0063,-0.0005
105760587,80,124,0.6452,886,0.0066,0.0014
105814586,85,126,0.6746,882,0.0033,-0.0004
105868409,75,117,0.641,890,-0.0038,-0.0008
105922587,70,109,0.6422,893,0.0001,0.0004
105976608,79,123,0.6423,886,0,0
106033591,75,120,0.625,888,-0.0019,-0.0002
106088590,66,109,0.6055,897,-0.002,0
106142587,75,121,0.6198,888,0.0016,0.0004
106196586,85,129,0.6589,882,0.0043,0.0003
106251586,75,118,0.6356,891,-0.0026,-0.0008
106307587,70,115,0.6087,895,-0.003,0
106362586,88,131,0.6718,881,0.007,0.0011
106416592,82,126,0.6508,885,-0.0023,-0.001
106470587,72,117,0.6154,894,-0.0039,-0.0002
106524587,76,121,0.6281,890,0.0014,0.0006
106578586,85,130,0.6538,883,0.0029,0.0002
106634608,78,119,0.6555,888,0.0002,-0.0003
106688587,69,112,0.6161,895,-0.0044,-0.0005
106742738,78,119,0.6555,887,0.0045,0.001
106796590,84,126,0.6667,883,0.0012,-0.0004
106850591,75,119,0.6303,889,-0.0041,-0.0006
106906389,67,110,0.6091,897,-0.002,0.0002
106960587,81,126,0.6429,884,0.0038,0.0006
107015585,84,124,0.6774,884,0.0038,0
107069587,70,113,0.6195,894,-0.0064,-0.0011
107123587,71,115,0.6174,893,-0.0002,0.0007
107178597,88,131,0.6718,880,0.006,0.0007
107234586,77,119,0.6471,890,-0.0027,-0.001
107288587,70,113,0.6195,895,-0.0031,0
107342587,79,123,0.6423,887,0.0025,0.0006
107396586,86,130,0.6615,882,0.0021,0
107450587,76,120,0.6333,890,-0.0031,-0.0006
107506247,67,110,0.6091,897,-0.0023,0.0001
107562597,86,127,0.6772,882,0.0076,0.0011
107617589,72,113,0.6372,892,-0.0044,-0.0013
107671599,68,111,0.6126,894,-0.0027,0.0002
107725587,77,121,0.6364,887,0.0026,0.0006
107779586,83,126,0.6587,883,0.0025,0
107835587,71,112,0.6339,894,-0.0028,-0.0006
107890587,72,116,0.6207,892,-0.0015,0.0001
107944587,82,125,0.656,885,0.0039,0.0006
107998586,82,123,0.6667,885,0.0012,-0.0003
108052587,71,115,0.6174,893,-0.0055,-0.0007
108106587,73,118,0.6186,891,0.0001,0.0006
108162608,88,131,0.6718,879,0.0059,0.0006
108216587,76,121,0.6281,890,-0.0049,-0.0012
108271603,68,114,0.5965,897,-0.0032,0.0002
108325589,81,127,0.6378,886,0.0046,0.0009
108380590,86,127,0.6772,882,0.0039,-0.0001
108436587,69,108,0.6389,896,-0.0042,-0.0009
108491586,74,119,0.6218,889,-0.0019,0.0003
108545587,84,126,0.6667,882,0.005,0.0008
108599587,75,119,0.6303,889,-0.004,-0.001
108654587,66,108,0.6111,897,-0.0021,0.0002
108708587,79,124,0.6371,886,0.0029,0.0006
108764586,83,126,0.6587,884,0.0024,-0.0001
108818587,72,116,0.6207,893,-0.0042,-0.0007
108873394,73,118,0.6186,892,-0.0002,0.0004
108927587,85,130,0.6538,883,0.0039,0.0005
108981608,82,124,0.6613,886,0.0008,-0.0003
109038591,67,110,0.6091,898,-0.0057,-0.0007
109093590,86,131,0.6565,882,0.0047,0.001
109147587,82,128,0.6406,886,-0.0018,-0.0007
109201588,72,119,0.605,893,-0.004,-0.0002
109256587,73,121,0.6033,892,-0.0002,0.0004
109310588,83,130,0.6385,883,0.0039,0.0005
109367587,78,120,0.65,890,0.0013,-0.0003
109421587,66,113,0.5841,895,-0.0073,-0.001
109475587,81,125,0.648,886,0.0071,0.0016
109529586,83,126,0.6587,884,0.0012,-0.0007
109583587,73,115,0.6348,893,-0.0027,-0.0004
109639895,72,116,0.6207,893,-0.0012,0.0001
109693662,84,129,0.6512,883,0.0034,0.0005
109747726,81,126,0.6429,885,-0.0009,-0.0005
109801593,70,114,0.614,895,-0.0032,-0.0003
109855591,73,118,0.6186,893,0.0005,0.0004
109909586,85,131,0.6489,883,0.0034,0.0003
109965586,83,127,0.6535,886,0.0005,-0.0003
110020586,72,114,0.6316,897,-0.0024,-0.0003
110074587,81,128,0.6328,887,0.0001,0.0003
110128587,86,133,0.6466,882,0.0015,0.0002
110182591,78,124,0.629,890,-0.002,-0.0004
110236588,71,117,0.6068,894,-0.0025,-0.0001
110293587,86,129,0.6667,883,0.0066,0.001
110347587,81,125,0.648,886,-0.0021,-0.001
110401470,72,117,0.6154,893,-0.0037,-0.0002
110455587,75,121,0.6198,890,0.0005,0.0005
110511693,90,139,0.6475,878,0.003,0.0003
110567590,75,118,0.6356,892,-0.0013,-0.0005
110622586,72,117,0.6154,893,-0.0022,-0.0001
110676600,86,131,0.6565,883,0.0046,0.0007
110730587,83,127,0.6535,886,-0.0003,-0.0005
110784588,71,118,0.6017,895,-0.0058,-0.0006
110838588,76,120,0.6333,892,0.0035,0.001
110895586,89,134,0.6642,881,0.0034,0
110949587,73,122,0.5984,891,-0.0073,-0.0012
111003587,72,118,0.6102,895,0.0013,0.001
111057586,80,128,0.625,888,0.0016,0
111111587,85,130,0.6538,883,0.0032,0.0002
111167572,74,115,0.6435,893,-0.0011,-0.0005
111221551,73,117,0.6239,893,-0.0022,-0.0001
111275702,83,127,0.6535,885,0.0033,0.0006
111329590,83,127,0.6535,884,0,-0.0004
111383591,73,117,0.6239,893,-0.0033,-0.0004
111437587,72,116,0.6207,893,-0.0004,0.0003
111493587,87,130,0.6692,882,0.0054,0.0006
111548586,80,121,0.6612,888,-0.0009,-0.0007
111602587,70,114,0.614,895,-0.0052,-0.0005
111656587,77,119,0.6471,889,0.0037,0.001
111710588,87,131,0.6641,881,0.0019,-0.0002
111766389,75,121,0.6198,891,-0.0041,-0.0006
111821588,72,117,0.6154,894,-0.0005,0.0004
111875588,83,130,0.6385,884,0.0026,0.0003
111929506,82,127,0.6457,886,0.0008,-0.0002
111983551,67,113,0.5929,896,-0.0059,-0.0007
112037572,70,114,0.614,894,0.0023,0.0009
112094590,91,132,0.6894,879,0.0084,0.0007
112149589,74,116,0.6379,892,-0.0052,-0.0014
112203588,70,114,0.614,894,-0.0027,0.0003
112257588,79,122,0.6475,887,0.0037,0.0007
112312588,84,125,0.672,884,0.0027,-0.0001
112368391,68,113,0.6018,897,-0.0065,-0.0009
112423586,77,123,0.626,888,0.0027,0.001
112477586,84,127,0.6614,884,0.0039,0.0001
112531586,76,120,0.6333,890,-0.0031,-0.0008
112585587,68,113,0.6018,895,-0.0035,0
112640587,80,126,0.6349,886,0.0037,0.0008
112696587,88,129,0.6822,882,0.0053,0.0002
112750608,72,116,0.6207,894,-0.0068,-0.0013
112805591,76,121,0.6281,889,0.0008,0.0009
112859590,84,127,0.6614,883,0.0037,0.0003
112914586,80,122,0.6557,886,-0.0006,-0.0005
112970389,68,111,0.6126,895,-0.004,-0.0003
113025586,82,125,0.656,884,0.0048,0.001
113079587,81,122,0.6639,885,0.0009,-0.0004
113133587,70,112,0.625,894,-0.0043,-0.0006
113187592,71,114,0.6228,892,-0.0002,0.0005
113241587,82,125,0.656,884,0.0037,0.0004
113297587,83,123,0.6748,886,0.0021,-0.0002
113351587,69,113,0.6106,895,-0.0071,-0.001
113406499,75,121,0.6198,889,0.0009,0.0008
113460587,82,128,0.6406,883,0.0023,0.0002
113514608,74,119,0.6218,890,-0.0021,-0.0005
113571393,70,114,0.614,895,-0.0007,0.0001
113626590,87,131,0.6641,881,0.005,0.0006
113680588,79,124,0.6371,888,-0.003,-0.0009
113734588,70,113,0.6195,895,-0.002,0.0001
113789594,79,124,0.6371,886,0.002,0.0004
113843587,83,127,0.6535,883,0.0018,0
113899588,72,115,0.6261,892,-0.0031,-0.0005
113954638,70,115,0.6087,893,-0.0017,0.0001
114008587,83,126,0.6587,884,0.0056,0.0008
114063586,80,124,0.6452,886,-0.0015,-0.0008
114117587,69,113,0.6106,895,-0.0038,-0.0003
114173405,78,122,0.6393,887,0.0027,0.0006
114227608,87,128,0.6797,882,0.0045,0.0002
114282590,73,117,0.6239,892,-0.0062,-0.0012
114336591,69,115,0.6,894,-0.0027,0.0004
114391587,83,130,0.6385,883,0.0043,0.0008
114445587,83,127,0.6535,884,0.0017,-0.0003
114502592,64,111,0.5766,899,-0.0085,-0.0011
114556587,79,127,0.622,887,0.0051,0.0015
114610592,85,130,0.6538,883,0.0035,-0.0002
114664587,76,119,0.6387,890,-0.0017,-0.0006
114718588,69,112,0.6161,895,-0.0025,-0.0001
114774389,82,126,0.6508,884,0.0032,0.0005
114828587,82,125,0.656,885,0.0006,-0.0003
114883257,71,115,0.6174,894,-0.004,-0.0005
114937587,73,118,0.6186,890,0.0001,0.0005
114993299,86,131,0.6565,881,0.004,0.0004
115047590,77,120,0.6417,890,-0.0016,-0.0006
115104590,64,114,0.5614,896,-0.0087,-0.0008
115158587,83,129,0.6434,883,0.0091,0.002
115212587,81,125,0.648,886,0.0005,-0.001
115266588,72,117,0.6154,893,-0.0036,-0.0005
115320588,75,121,0.6198,891,0.0005,0.0005
115376389,88,134,0.6567,879,0.0034,0.0003
115430586,77,120,0.6417,889,-0.0017,-0.0006
115484587,70,112,0.625,896,-0.0019,0
115539587,79,121,0.6529,887,0.0032,0.0006
115593586,84,128,0.6562,883,0.0004,-0.0003
115648118,84,128,0.6562,883,0.0004,-0.0003
115703587,65,113,0.5752,896,0.0458,0.0108
115757692,82,128,0.6406,884,0.0072,-0.0043
115811591,82,125,0.656,885,0.0017,-0.0006
115865591,71,116,0.6121,893,-0.0049,-0.0007
115919587,72,118,0.6102,893,-0.0002,0.0005
115976389,86,134,0.6418,879,0.0029,0.0003
116031587,76,120,0.6333,891,-0.0009,-0.0004
116085587,73,118,0.6186,893,-0.0016,-0.0001
116140586,83,130,0.6385,884,0.0022,0.0004
116194588,83,128,0.6484,885,0.0011,-0.0001
116248588,75,121,0.6198,892,-0.0032,-0.0005
116305588,75,123,0.6098,890,-0.0011,0.0002
116359588,86,130,0.6615,882,0.0058,0.0008
116413588,76,121,0.6281,890,-0.0037,-0.0011
116467608,71,113,0.6283,894,0,0.0004
116521615,77,121,0.6364,888,0.0009,0.0001
116575590,83,129,0.6434,883,0.0008,0
116632590,72,114,0.6316,894,-0.0013,-0.0002
116686587,71,117,0.6068,892,-0.0028,-0.0002
116740587,83,128,0.6484,884,0.0046,0.0008
116795586,81,127,0.6378,884,-0.0012,-0.0006
116849587,71,116,0.6121,894,-0.0029,-0.0002
116906586,79,127,0.622,886,0.0011,0.0004
116960586,85,129,0.6589,883,0.0041,0.0003
117015585,72,117,0.6154,893,-0.0048,-0.001
117069587,72,117,0.6154,893,0,0.0005
117123586,82,127,0.6457,885,0.0034,0.0004
117178600,81,120,0.675,886,0.0033,0
117234664,69,112,0.6161,895,-0.0066,-0.0011
117288591,77,117,0.6581,888,0.0047,0.0013
117342590,85,127,0.6693,882,0.0012,-0.0004
117396587,74,118,0.6271,890,-0.0047,-0.0007
117450587,69,113,0.6106,895,-0.0018,0.0003
117506587,80,124,0.6452,887,0.0038,0.0006
117560586,83,127,0.6535,883,0.0009,-0.0003
117614587,69,117,0.5897,892,-0.0071,-0.0009
117669587,69,114,0.6053,895,0.0017,0.001
117723587,82,127,0.6457,884,0.0045,0.0003
117777587,83,127,0.6535,884,0.0009,-0.0004
117833587,69,113,0.6106,896,-0.0048,-0.0006
117888218,77,124,0.621,888,0.0011,0.0006
117942587,83,128,0.6484,883,0.0031,0.0002
117996608,75,115,0.6522,890,0.0004,-0.0003
118051591,69,112,0.6161,894,-0.004,-0.0005
118108590,84,130,0.6462,880,0.003,0.0007
118162587,76,119,0.6387,888,-0.0008,-0.0004
118216588,68,111,0.6126,895,-0.0029,-0.0002
118271587,75,119,0.6303,888,0.002,0.0005
118325587,81,125,0.648,883,0.002,0
118379587,76,118,0.6441,889,-0.0004,-0.0003
118435587,67,111,0.6036,896,-0.0045,-0.0005
118489587,80,124,0.6452,885,0.0046,0.001
118544586,83,128,0.6484,883,0.0004,-0.0005
118598587,70,114,0.614,894,-0.0038,-0.0005
118653148,73,120,0.6083,891,-0.0006,0.0003
118709587,88,135,0.6519,878,0.0047,0.0006
118764590,72,116,0.6207,893,-0.0035,-0.0009
118818591,71,113,0.6283,893,0.0008,0.0005
118873589,82,128,0.6406,883,0.0013,0.0001
118927586,79,118,0.6695,886,0.0032,0.0002
118981587,70,114,0.614,893,-0.0062,-0.001
119037587,71,115,0.6174,892,0.0004,0.0007
119091587,84,127,0.6614,881,0.0049,0.0005
119146585,74,118,0.6271,889,-0.0038,-0.001
119200588,68,110,0.6182,895,-0.001,0.0003
119254588,78,121,0.6446,887,0.0029,0.0004
119310389,85,129,0.6589,881,0.0013,-0.0001
119365190,71,115,0.6174,893,-0.0043,-0.0006
119419588,73,119,0.6134,891,-0.0004,0.0004
119473608,82,127,0.6457,884,0.0036,0.0004
119528592,79,121,0.6529,887,0.0008,-0.0003
119582591,70,114,0.614,894,-0.0043,-0.0006
119638587,76,119,0.6387,888,0.0027,0.0008
119692587,83,125,0.664,883,0.0028,0
119747586,72,108,0.6667,892,0.0003,-0.0003
119801587,68,112,0.6071,894,-0.0066,-0.0008
119855587,77,122,0.6311,886,0.0027,0.001
119912388,82,122,0.6721,885,0.0038,0.0001
119966586,68,111,0.6126,894,-0.0066,-0.0012
120021586,77,121,0.6364,887,0.0026,0.001
120075587,84,127,0.6614,882,0.0028,0
120129615,76,119,0.6387,889,-0.0025,-0.0006
120183555,70,114,0.614,893,-0.0027,0
120239704,83,128,0.6484,883,0.0038,0.0007
120293590,83,126,0.6587,884,0.0011,-0.0003
120347591,72,116,0.6207,893,-0.0042,-0.0006
120401587,72,118,0.6102,892,-0.0012,0.0003
120455593,81,126,0.6429,885,0.0036,0.0005
120509587,83,126,0.6587,883,0.0018,-0.0002
120565587,69,109,0.633,894,-0.0029,-0.0005
120619587,73,118,0.6186,890,-0.0016,0.0001
120674600,87,129,0.6744,880,0.0062,0.0009
120728587,76,119,0.6387,889,-0.004,-0.0011
120782588,68,113,0.6018,894,-0.0041,0
120838588,78,123,0.6341,887,0.0036,0.0009
120892587,83,126,0.6587,883,0.0027,-0.0001
120946552,74,117,0.6325,891,-0.0029,-0.0006
121000608,70,114,0.614,894,-0.002,0.0001
121055603,81,126,0.6429,884,0.0029,0.0005
121109590,85,127,0.6693,883,0.0029,0
121165586,70,113,0.6195,895,-0.0056,-0.001
121219589,77,123,0.626,889,0.0007,0.0007
121273586,86,127,0.6772,882,0.0057,0.0006
121327586,78,121,0.6446,888,-0.0036,-0.001
121381587,69,111,0.6216,895,-0.0026,0.0001
121437587,74,120,0.6167,890,-0.0005,0.0002
121491588,84,128,0.6562,882,0.0044,0.0005
121545588,75,118,0.6356,890,-0.0023,-0.0007
121600587,72,113,0.6372,894,0.0002,0.0003
121654586,78,122,0.6393,887,0.0002,0
121708311,81,127,0.6378,884,-0.0002,0
121764552,71,115,0.6174,893,-0.0023,-0.0002
121818640,73,117,0.6239,891,0.0007,0.0003
121872591,84,128,0.6562,883,0.0036,0.0003
121926590,81,125,0.648,886,-0.0009,-0.0005
121980587,73,117,0.6239,892,-0.0027,-0.0002
122036389,72,117,0.6154,893,-0.0008,0.0002
122091586,86,129,0.6667,881,0.0057,0.0007
122145551,75,117,0.641,890,-0.0029,-0.001
122199587,70,109,0.6422,894,0.0001,0.0003
122254586,81,124,0.6532,885,0.0012,0.0001
122308586,83,125,0.664,883,0.0012,0
122365586,66,110,0.6,896,-0.0071,-0.0009
122419587,78,119,0.6555,889,0.0062,0.0015
122473587,85,127,0.6693,882,0.0015,-0.0005
122527608,77,120,0.6417,888,-0.0031,-0.0005
122582326,68,110,0.6182,896,-0.0024,0.0001
122638391,80,123,0.6504,885,0.003,0.0005
122693587,82,125,0.656,884,0.0006,-0.0003
122747587,69,114,0.6053,895,-0.0056,-0.0007
122801587,73,120,0.6083,892,0.0003,0.0007
122855587,84,128,0.6562,884,0.0053,0.0006
122909587,82,123,0.6667,885,0.0012,-0.0005
122965587,63,108,0.5833,898,-0.0093,-0.0012
123019587,77,117,0.6581,888,0.0083,0.002
123073586,83,125,0.664,883,0.0007,-0.0009
123128587,73,116,0.6293,891,-0.0039,-0.0005
123182592,69,112,0.6161,894,-0.0015,0.0003
123238410,79,122,0.6475,885,0.0029,0.0004
123292551,82,124,0.6613,884,0.0015,-0.0002
123347593,68,110,0.6182,895,-0.0046,-0.0006
123401592,71,115,0.6174,892,-0.0001,0.0005
123456555,84,124,0.6774,882,0.006,0.0006
123510586,76,118,0.6441,889,-0.0037,-0.0011
123567586,61,107,0.5701,898,-0.0082,-0.0005
123621587,81,125,0.648,885,0.0087,0.0019
123675599,81,123,0.6585,885,0.0012,-0.0008
123730587,69,111,0.6216,895,-0.0041,-0.0006
123784588,72,114,0.6316,892,0.0011,0.0006
123840389,86,126,0.6825,880,0.0047,0.0003
123894587,75,115,0.6522,890,-0.0034,-0.0009
123948587,68,109,0.6239,894,-0.0031,0
124003587,77,118,0.6525,888,0.0032,0.0007
124057608,83,123,0.6748,883,0.0025,-0.0001
124112591,72,112,0.6429,892,-0.0036,-0.0007
124169590,66,112,0.5893,893,-0.0054,-0.0002
124223587,83,124,0.6694,882,0.0089,0.0016
124277587,76,117,0.6496,889,-0.0022,-0.0012
124332587,64,108,0.5926,897,-0.0063,-0.0005
124386587,77,120,0.6417,887,0.0055,0.0013
124442487,86,130,0.6615,880,0.0018,-0.0003
124496587,70,113,0.6195,894,-0.0047,-0.0007
124550587,73,112,0.6518,891,0.0036,0.0009
124605586,84,125,0.672,883,0.0022,-0.0001
124659587,80,118,0.678,886,0.0007,-0.0002
124713954,69,108,0.6389,894,-0.0042,-0.0005
124769587,70,115,0.6087,890,-0.0034,0.0001
124823798,83,122,0.6803,883,0.0079,0.0012
124877590,77,115,0.6696,888,-0.0012,-0.001
124931591,69,108,0.6389,894,-0.0034,-0.0002
124986587,76,118,0.6441,888,0.0006,0.0004
125042388,84,125,0.672,881,0.0026,0.0002
125096587,68,110,0.6182,894,-0.006,-0.001
125150587,73,114,0.6404,891,0.0025,0.0009
125204587,82,123,0.6667,884,0.0029,0.0001
125258587,83,126,0.6587,883,-0.0009,-0.0004
125312588,72,113,0.6372,892,-0.0024,-0.0002
125368588,71,112,0.6339,893,-0.0004,0.0002
125422587,85,126,0.6746,882,0.0045,0.0005
125477443,77,117,0.6581,889,-0.0017,-0.0006
125531587,70,111,0.6306,895,-0.0031,-0.0002
125585608,77,116,0.6638,889,0.0037,0.0007
125640590,83,124,0.6694,882,0.0006,-0.0003
125697586,69,107,0.6449,896,-0.0025,-0.0003
125751587,75,116,0.6466,889,0.0002,0.0003
125805587,78,122,0.6393,883,-0.0008,-0.0001
125860587,77,117,0.6581,888,0.0021,0.0003
125914587,68,109,0.6239,894,-0.0038,-0.0007
125970587,78,119,0.6555,886,0.0035,0.0008
126024586,82,122,0.6721,884,0.0019,-0.0002
126078586,73,114,0.6404,892,-0.0035,-0.0006
126133586,70,112,0.625,894,-0.0017,0.0002
126187591,82,123,0.6667,884,0.0046,0.0007
126241587,83,123,0.6748,884,0.0009,-0.0004
126297588,68,108,0.6296,896,-0.005,-0.0007
126351716,76,118,0.6441,889,0.0017,0.0008
126406591,83,127,0.6535,882,0.0011,-0.0001
126461590,75,115,0.6522,892,-0.0001,-0.0001
126515587,71,109,0.6514,895,-0.0001,0
126571587,83,127,0.6535,882,0.0002,0
126626587,76,117,0.6496,887,-0.0004,-0.0001
126680592,70,110,0.6364,894,-0.0015,-0.0001
126735587,75,116,0.6466,889,0.0011,0.0003
126789587,84,124,0.6774,882,0.0034,0.0003
126843587,77,117,0.6581,888,-0.0021,-0.0006
126899588,66,106,0.6226,897,-0.0039,-0.0002
126954242,83,124,0.6694,883,0.0048,0.0009
127008587,82,117,0.7009,885,0.0035,-0.0001
127062608,70,109,0.6422,894,-0.0065,-0.0011
127117591,75,114,0.6579,890,0.0017,0.0009
127174600,87,132,0.6591,879,0.0001,-0.0002
127228588,72,113,0.6372,892,-0.0024,-0.0003
127282588,71,112,0.6339,893,-0.0004,0.0002
127337588,84,126,0.6667,883,0.0036,0.0004
127391587,82,121,0.6777,885,0.0012,-0.0003
127445587,68,108,0.6296,895,-0.0053,-0.0007
127501587,74,114,0.6491,891,0.0022,0.0008
127555586,86,125,0.688,880,0.0043,0.0002
127610586,75,113,0.6637,890,-0.0027,-0.0008
127664587,70,109,0.6422,893,-0.0024,0
127718744,78,117,0.6667,886,0.0027,0.0006
127774389,85,125,0.68,881,0.0012,-0.0001
127828678,72,107,0.6729,893,-0.0008,-0.0002
127882593,70,111,0.6306,893,-0.0047,-0.0004
127936591,81,120,0.675,884,0.0049,0.0011
127990586,85,125,0.68,882,0.0006,-0.0005
128044587,73,113,0.646,891,-0.0038,-0.0005
128100587,69,112,0.6161,894,-0.0033,0
128154587,85,126,0.6746,881,0.0065,0.0011
128208587,81,122,0.6639,885,-0.0012,-0.0009
128263587,67,111,0.6036,895,-0.0067,-0.0006
128317588,77,118,0.6525,888,0.0054,0.0013
128372587,88,127,0.6929,879,0.0045,-0.0001
128428587,73,112,0.6518,891,-0.0046,-0.001
128483304,71,111,0.6396,893,-0.0012,0.0003
128537587,82,121,0.6777,884,0.0042,0.0006
128591608,80,118,0.678,886,0,-0.0005
128646591,70,105,0.6667,893,-0.0013,-0.0002
128703591,80,122,0.6557,884,-0.0011,0
128758588,87,119,0.7311,883,0.0084,0.0011
128812587,72,111,0.6486,893,-0.0092,-0.0019
128866588,74,115,0.6435,890,-0.0006,0.001
128920587,84,123,0.6829,883,0.0044,0.0006
128974586,82,122,0.6721,884,-0.0012,-0.0006
129030587,70,110,0.6364,894,-0.004,-0.0003
129084587,78,119,0.6555,888,0.0021,0.0007
129138585,86,125,0.688,882,0.0036,0.0002
129192587,77,116,0.6638,889,-0.0027,-0.0007
129247241,69,108,0.6389,895,-0.0026,0
129303588,82,122,0.6721,883,0.0037,0.0007
129357758,82,119,0.6891,884,0.002,-0.0002
129411591,71,109,0.6514,893,-0.0042,-0.0007
129465603,71,107,0.6636,893,0.0014,0.0006
129519586,82,121,0.6777,884,0.0016,0
129573587,86,121,0.7107,882,0.0037,0.0002
129630586,65,107,0.6075,897,-0.0115,-0.0017
129684591,76,117,0.6496,888,0.0047,0.0018
129738587,85,124,0.6855,882,0.004,-0.0001
129793588,75,115,0.6522,890,-0.0037,-0.0009
129847552,73,111,0.6577,893,0.0006,0.0005
129905586,90,134,0.6716,878,0.0015,0.0001
129960395,76,115,0.6609,891,-0.0011,-0.0003
130014551,72,111,0.6486,893,-0.0014,0
130068572,79,118,0.6695,887,0.0023,0.0004
130123590,83,120,0.6917,884,0.0025,0
130177598,74,111,0.6667,891,-0.0028,-0.0006
130233587,71,111,0.6396,893,-0.003,0
130287587,83,119,0.6975,884,0.0064,0.001
130342549,79,117,0.6752,887,-0.0025,-0.001
130396587,73,105,0.6952,894,0.0022,0.0005
130450586,77,117,0.6581,888,-0.0041,-0.0007
130507587,87,129,0.6744,880,0.0018,0.0006
130561586,73,112,0.6518,893,-0.0025,-0.0005
130616587,75,117,0.641,890,-0.0012,0.0001
130670500,86,126,0.6825,882,0.0047,0.0007
130725005,84,124,0.6774,884,-0.0005,-0.0006
130778588,73,113,0.646,894,-0.0035,-0.0003
130834761,79,122,0.6475,888,0.0002,0.0004
130888591,86,126,0.6825,882,0.0039,0.0004
130942590,78,117,0.6667,889,-0.0018,-0.0006
130996587,72,109,0.6606,894,-0.0007,0.0001
131050587,78,118,0.661,888,0.0001,0.0001
131106388,90,126,0.7143,878,0.0049,0.0005
131160587,76,114,0.6667,891,-0.0053,-0.0011
131214588,74,109,0.6789,892,0.0014,0.0007
131269587,83,123,0.6748,884,-0.0005,-0.0002
131323588,84,124,0.6774,883,0.0003,0.0001
131377587,75,113,0.6637,892,-0.0015,-0.0002
131434587,74,117,0.6325,890,-0.0035,-0.0002
131488333,86,126,0.6825,882,0.0057,0.0011
131542587,79,119,0.6639,889,-0.0021,-0.0009
131598347,71,112,0.6339,895,-0.0028,-0.0001
131652591,87,128,0.6797,882,0.0051,0.0009
131708393,85,125,0.68,884,0,-0.0005
131762588,72,111,0.6486,894,-0.0035,-0.0004
131816588,77,115,0.6696,890,0.0023,0.0006
131871587,89,126,0.7063,881,0.0041,0.0002
131925587,80,119,0.6723,888,-0.0038,-0.0009
131979587,72,110,0.6545,894,-0.002,0.0002
132035587,83,120,0.6917,886,0.0041,0.0007
132089587,84,124,0.6774,883,-0.0016,-0.0006
132144586,72,113,0.6372,893,-0.0045,-0.0003
132198588,75,116,0.6466,891,0.001,0.0006
132252517,84,124,0.6774,884,0.0035,0.0003
132306588,85,124,0.6855,884,0.0009,-0.0003
132362594,72,111,0.6486,895,-0.0042,-0.0006
132416591,78,118,0.661,890,0.0014,0.0006
132470590,88,128,0.6875,882,0.0029,0.0002
132524587,81,120,0.675,887,-0.0014,-0.0005
132578587,73,112,0.6518,893,-0.0026,-0.0001
132634587,77,116,0.6638,889,0.0013,0.0004
132688586,86,125,0.688,882,0.0027,0.0002
132742586,76,111,0.6847,890,-0.0004,-0.0003
132797586,68,109,0.6239,896,-0.0068,-0.0007
132851587,82,121,0.6777,885,0.006,0.0014
132905586,84,124,0.6774,883,0,-0.0007
132962587,68,108,0.6296,896,-0.0053,-0.0006
133017219,78,118,0.661,888,0.0033,0.0009
133071659,86,127,0.6772,882,0.0018,-0.0002
133126322,77,117,0.6581,890,-0.002,-0.0004
133180591,71,111,0.6396,895,-0.0021,0
133236593,85,130,0.6538,883,0.0015,0.0004
133290587,85,125,0.68,883,0.0029,0.0002
133344587,75,115,0.6522,892,-0.0031,-0.0007
133399588,74,116,0.6379,891,-0.0016,0.0002
133453588,85,121,0.7025,882,0.0072,0.001
133507587,82,119,0.6891,886,-0.0015,-0.001
133563588,68,109,0.6239,896,-0.0072,-0.0006
133617588,81,121,0.6694,885,0.0051,0.0014
133672598,87,120,0.725,881,0.0062,0.0001
133726587,74,113,0.6549,891,-0.0078,-0.0016
133780578,70,110,0.6364,893,-0.0021,0.0006
133836353,84,123,0.6829,882,0.0043,0.0006
133890669,81,121,0.6694,884,-0.0015,-0.0007
133944591,71,111,0.6396,893,-0.0033,-0.0002
133998591,69,113,0.6106,892,-0.0032,0
134053588,85,125,0.68,882,0.0077,0.0012
134107587,78,118,0.661,887,-0.0021,-0.0011
134163588,64,109,0.5872,897,-0.0082,-0.0007
134217588,80,121,0.6612,886,0.0082,0.0018
134271586,84,123,0.6829,883,0.0024,-0.0006
134325587,77,116,0.6638,889,-0.0021,-0.0005
134379587,69,108,0.6389,894,-0.0028,-0.0001
134433587,79,119,0.6639,887,0.0028,0.0006
134489586,84,122,0.6885,884,0.0027,0
134543587,73,114,0.6404,892,-0.0054,-0.0009
134598587,72,114,0.6316,891,-0.001,0.0005
134652608,84,124,0.6774,883,0.0051,0.0007
134707591,81,119,0.6807,887,0.0004,-0.0005
134764592,67,106,0.6321,898,-0.0049,-0.0005
134818588,82,123,0.6667,885,0.0038,0.001
134872588,83,123,0.6748,884,0.0009,-0.0003
134927586,71,112,0.6339,893,-0.0045,-0.0006
134981587,74,115,0.6435,891,0.0011,0.0006
135035586,84,125,0.672,883,0.0032,0.0002
135091586,79,117,0.6752,888,0.0004,-0.0003
135145587,70,109,0.6422,894,-0.0037,-0.0004
135200588,80,116,0.6897,885,0.0053,0.001
135254587,84,122,0.6885,882,-0.0001,-0.0006
135309341,75,112,0.6696,890,-0.0019,-0.0002
135365588,68,108,0.6296,895,-0.0044,-0.0003
135420591,83,123,0.6748,881,0.005,0.0011
135474590,78,117,0.6667,887,-0.0009,-0.0007
135529587,66,105,0.6286,896,-0.0042,-0.0004
135583587,78,117,0.6667,886,0.0042,0.0009
135637586,80,122,0.6557,883,-0.0012,-0.0006
135693587,71,110,0.6455,892,-0.0011,0
135747587,73,113,0.646,890,0.0001,0.0001
135802587,84,123,0.6829,882,0.0041,0.0004
135856587,82,120,0.6833,884,0,-0.0005
135910587,72,109,0.6606,893,-0.0025,-0.0003
135966587,75,114,0.6579,889,-0.0003,0.0002
136021393,85,123,0.6911,880,0.0034,0.0004
136075587,74,108,0.6852,891,-0.0007,-0.0004
136129608,68,103,0.6602,894,-0.0028,-0.0002
136184592,79,117,0.6752,885,0.0017,0.0005
136238591,81,119,0.6807,883,0.0006,-0.0001
136294588,69,105,0.6571,894,-0.0026,-0.0004
136348588,72,110,0.6545,890,-0.0003,0.0003
136403588,83,122,0.6803,881,0.0029,0.0004
136458586,66,109,0.6055,891,-0.0083,-0.0012
136512587,68,106,0.6415,894,0.004,0.0014
136568586,82,121,0.6777,882,0.004,0
136622586,81,118,0.6864,884,0.001,-0.0003
136677604,68,107,0.6355,894,-0.0056,-0.0007
136732588,75,112,0.6696,889,0.0038,0.0011
136786589,83,121,0.686,883,0.0018,-0.0002
136840610,78,116,0.6724,887,-0.0015,-0.0004
136896592,69,105,0.6571,894,-0.0017,0
136950591,80,112,0.7143,886,0.0064,0.0009
137005589,84,121,0.6942,881,-0.0023,-0.001
137059587,71,106,0.6698,891,-0.0027,0
137113587,68,104,0.6538,894,-0.0018,0.0001
137170500,85,121,0.7025,879,0.0055,0.0008
137224587,74,109,0.6789,889,-0.0026,-0.0009
137279587,65,102,0.6373,895,-0.0046,-0.0002
137333588,75,112,0.6696,888,0.0036,0.0009
137387587,85,121,0.7025,880,0.0036,0
137442586,73,108,0.6759,891,-0.003,-0.0007
137498587,74,112,0.6607,889,-0.0017,0.0001
137552587,82,118,0.6949,883,0.0038,0.0006
137606608,78,114,0.6842,886,-0.0012,-0.0006
137661591,69,105,0.6571,894,-0.003,-0.0002
137715591,76,114,0.6667,888,0.0011,0.0005
137771591,88,123,0.7154,879,0.0054,0.0005
137825587,74,108,0.6852,890,-0.0034,-0.001
137880587,62,101,0.6139,895,-0.0079,-0.0005
137934587,80,115,0.6957,884,0.0091,0.0019
137988586,80,117,0.6838,883,-0.0013,-0.0012
138043587,69,105,0.6571,893,-0.003,-0.0002
138099587,76,112,0.6786,887,0.0024,0.0006
138154585,86,121,0.7107,879,0.0036,0.0001
138208587,72,108,0.6667,890,-0.0049,-0.0009
138262447,70,106,0.6604,892,-0.0007,0.0005
138316588,76,112,0.6786,888,0.002,0.0003
138372615,85,119,0.7143,880,0.004,0.0002
138426590,71,107,0.6636,892,-0.0056,-0.0011
138480591,70,106,0.6604,893,-0.0004,0.0006
138534587,82,119,0.6891,883,0.0032,0.0004
138588587,85,117,0.7265,883,0.0042,0.0001
138642586,74,109,0.6789,891,-0.0053,-0.0011
138698587,68,106,0.6415,894,-0.0042,0.0001
138752587,83,118,0.7034,883,0.0069,0.0012
138807587,77,113,0.6814,886,-0.0024,-0.001
138861587,68,103,0.6602,894,-0.0024,0
138915587,76,112,0.6786,887,0.002,0.0005
138972586,84,121,0.6942,881,0.0017,0
139026540,70,106,0.6604,892,-0.0038,-0.0006
139080587,71,108,0.6574,891,-0.0003,0.0004
139134608,82,117,0.7009,883,0.0048,0.0006
139189590,80,113,0.708,885,0.0008,-0.0004
139243592,70,106,0.6604,893,-0.0053,-0.0007
139299588,74,110,0.6727,890,0.0014,0.0007
139353588,83,119,0.6975,883,0.0028,0.0002
139409587,72,106,0.6792,893,-0.002,-0.0005
139463587,72,107,0.6729,893,-0.0007,0.0001
139517587,79,117,0.6752,884,0.0003,0.0001
139573586,83,117,0.7094,883,0.0037,0.0004
139627587,68,104,0.6538,893,-0.0062,-0.0011
139682592,76,110,0.6909,888,0.0041,0.0011
139736587,84,117,0.7179,882,0.003,-0.0001
139790881,74,107,0.6916,891,-0.0028,-0.0006
139844588,70,106,0.6604,892,-0.0035,-0.0001
139900828,81,117,0.6923,883,0.0035,0.0008
139954590,83,117,0.7094,882,0.0019,-0.0002
140008591,72,106,0.6792,891,-0.0034,-0.0006
140062587,71,105,0.6762,893,-0.0003,0.0003
140116587,79,117,0.6752,886,-0.0001,0
140172304,84,119,0.7059,882,0.0029,0.0003
140226587,71,102,0.6961,893,-0.0011,-0.0004
140280588,72,109,0.6606,892,-0.0039,-0.0003
140335588,85,119,0.7143,882,0.006,0.0011
140389587,79,112,0.7054,887,-0.001,-0.0008
140443587,68,104,0.6538,893,-0.0057,-0.0005
140500587,77,112,0.6875,886,0.0037,0.0011
140554479,83,116,0.7155,882,0.0032,-0.0001
140608587,73,106,0.6887,891,-0.003,-0.0007
140662608,71,105,0.6762,892,-0.0014,0.0002
140717592,81,115,0.7043,883,0.0031,0.0005
140773393,82,116,0.7069,883,0.0002,-0.0003
140827588,70,103,0.6796,893,-0.003,-0.0004
140881588,75,109,0.6881,889,0.0009,0.0004
140936591,85,124,0.6855,881,-0.0003,-0.0001
140990859,76,111,0.6847,889,-0.0001,0
141044591,70,104,0.6731,894,-0.0013,-0.0001
141101607,82,120,0.6833,883,0.0011,0.0003
